business_name,contact_name,phone,email,website,services,locations,source,source_url,discovery_notes
Cecala Landscape & Masonry,,973-270-4370,cecalalm@gmail.com,https://cecalalandscapeandmasonry.com/,masonry;landscaping,madison;chatham;morristown;east-hanover;florham-park,public-website,https://cecalalandscapeandmasonry.com/contact,Madison firm. Public contact page names Madison Chatham Morristown East Hanover and Florham Park for patio masonry and landscape work.
Cardinal Landscaping,,862-204-9428,CardinalLandscapingNJ@gmail.com,https://www.cardinallandscapingnj.com/,landscaping;masonry,madison;chatham;florham-park;morris-township,public-website,https://www.cardinallandscapingnj.com/,Madison landscaper. Public site lists landscaping lawn care and masonry and names Chatham Florham Park Madison and Morris Township.
R.G. Tile,,973-452-8342,r.g.tile.nj@gmail.com,https://www.rghomeimprovements.net/,tile,morristown,public-website,https://www.rghomeimprovements.net/,Tile and bathroom installation. Public site lists the phone and email. Morristown address is from the NJ registration record summarized on BuildZoom.
Farhat Construction & Design,,201-225-8450,,https://farhatconstruction.com/,handyman;painting;drywall;plumbing;electrical;tile,florham-park;chatham;madison,public-website,https://farhatconstruction.com/index.php/home/services/handyman-services/handyman-services-morris-county/,Public handyman page names Florham Park Chatham and Madison and lists drywall painting plumbing electrical and tile among the work.
JerseyBuild Contracting,,, ,https://jerseybuildcontracting.com/,handyman,morristown;chatham;east-hanover;florham-park;madison;morris-township,public-website,https://jerseybuildcontracting.com/services/handyman-services,Handyman page lists those Morris County towns and NJ registration 13VH12820000. Phone was not on the page used here.
Edgar's Handyman & Painting,,908-867-9598,,https://edgars-handyman-painting.com/,handyman;painting;drywall,madison,public-website,https://edgars-handyman-painting.com/,Public site offers Madison-area painting and lists drywall repair. Phone is on the page.
Gemstar Contractors,,973-543-7556,,https://gemstarpainting.com/,painting;drywall;electrical;plumbing;masonry,madison;chatham;morristown,public-website,https://gemstarpainting.com/contracting-services/,Public contracting page names Madison Chatham and Morristown and lists painting drywall electric plumbing and masonry.
N&C Painting,,201-317-9713,,https://www.paintingnnc.com/,painting,morristown,public-website,https://www.paintingnnc.com/,Morristown painting company. Phone and Morristown address are on the public site.
Triangles Painting & Home Improvement,,201-220-6001,,https://trianglesph.com/,painting,madison,directory,https://contractors.tydl.io/biz/triangles-painting-home-improvement/1523027/,Directory lists a Madison address phone and website. Confirm on trianglesph.com before approval.
ABS Total Construction LLC,,973-309-1001,info@abstotalconstruction.com,https://abstotalconstruction.com/,painting,madison,public-website,https://abstotalconstruction.com/home-remodeling-contractors-madison-nj/,Madison remodeling page offers interior and exterior painting. Office address on the page is Springfield which is outside the A5 towns.
Pipe Works Services,,973-657-5771,,https://www.pipeworksservices.com/,plumbing;electrical,madison;chatham,public-website,https://www.pipeworksservices.com/madison-nj/,Madison service page offers plumbing and electrical. Street address on that page is Chatham. HVAC is also advertised and is not an A5 service.
Zo Electric LLC,,973-906-8242,,https://www.zoelectric.com/,electrical,chatham;east-hanover;florham-park;madison;morristown,public-website,https://www.zoelectric.com/,Public electrician site names those A5 towns. Phone is on the site.
Pink Hammer Home Services,,, ,https://www.pinkhammerhome.com/,handyman,morristown,public-website,https://www.pinkhammerhome.com/,Morris County handyman site. A Morristown bathroom tile project is shown. NJ registration 13VH09915800 is on the page. Phone was not taken from that page.
