municipality_id,municipality,county,service,imported_vendors,email_assignable_vendors
florham-park,Florham Park,morris,handyman,8,6
florham-park,Florham Park,morris,masonry,6,6
florham-park,Florham Park,morris,landscaping,6,6
florham-park,Florham Park,morris,painting,10,10
florham-park,Florham Park,morris,drywall,10,9
florham-park,Florham Park,morris,tile,9,5
florham-park,Florham Park,morris,plumbing,7,7
florham-park,Florham Park,morris,electrical,10,7
madison,Madison,morris,handyman,11,6
madison,Madison,morris,masonry,8,7
madison,Madison,morris,landscaping,8,7
madison,Madison,morris,painting,15,10
madison,Madison,morris,drywall,13,10
madison,Madison,morris,tile,10,5
madison,Madison,morris,plumbing,10,8
madison,Madison,morris,electrical,11,7
morris-township,Morris Township,morris,handyman,6,5
morris-township,Morris Township,morris,masonry,5,5
morris-township,Morris Township,morris,landscaping,4,4
morris-township,Morris Township,morris,painting,6,6
morris-township,Morris Township,morris,drywall,8,7
morris-township,Morris Township,morris,tile,7,4
morris-township,Morris Township,morris,plumbing,5,5
morris-township,Morris Township,morris,electrical,4,3
morristown,Morristown,morris,handyman,10,6
morristown,Morristown,morris,masonry,9,7
morristown,Morristown,morris,landscaping,7,5
morristown,Morristown,morris,painting,11,9
morristown,Morristown,morris,drywall,11,8
morristown,Morristown,morris,tile,10,5
morristown,Morristown,morris,plumbing,8,6
morristown,Morristown,morris,electrical,11,7
east-hanover,East Hanover,morris,handyman,6,5
east-hanover,East Hanover,morris,masonry,4,4
east-hanover,East Hanover,morris,landscaping,6,5
east-hanover,East Hanover,morris,painting,6,6
east-hanover,East Hanover,morris,drywall,7,6
east-hanover,East Hanover,morris,tile,8,4
east-hanover,East Hanover,morris,plumbing,6,5
east-hanover,East Hanover,morris,electrical,10,7
livingston,Livingston,essex,handyman,3,3
livingston,Livingston,essex,masonry,3,3
livingston,Livingston,essex,landscaping,3,3
livingston,Livingston,essex,painting,4,4
livingston,Livingston,essex,drywall,3,3
livingston,Livingston,essex,tile,2,2
livingston,Livingston,essex,plumbing,3,3
livingston,Livingston,essex,electrical,2,2
summit,Summit,union,handyman,2,2
summit,Summit,union,masonry,3,3
summit,Summit,union,landscaping,2,2
summit,Summit,union,painting,3,3
summit,Summit,union,drywall,3,3
summit,Summit,union,tile,2,2
summit,Summit,union,plumbing,3,3
summit,Summit,union,electrical,2,2
hanover-township,Hanover Township,morris,handyman,3,3
hanover-township,Hanover Township,morris,masonry,3,3
hanover-township,Hanover Township,morris,landscaping,3,3
hanover-township,Hanover Township,morris,painting,4,4
hanover-township,Hanover Township,morris,drywall,4,4
hanover-township,Hanover Township,morris,tile,3,3
hanover-township,Hanover Township,morris,plumbing,3,3
hanover-township,Hanover Township,morris,electrical,2,2
allendale,Allendale,bergen,handyman,4,4
allendale,Allendale,bergen,masonry,3,3
allendale,Allendale,bergen,landscaping,2,2
allendale,Allendale,bergen,painting,3,3
allendale,Allendale,bergen,drywall,3,3
allendale,Allendale,bergen,tile,2,2
allendale,Allendale,bergen,plumbing,4,4
allendale,Allendale,bergen,electrical,2,2
alpine,Alpine,bergen,handyman,3,3
alpine,Alpine,bergen,masonry,3,3
alpine,Alpine,bergen,landscaping,2,2
alpine,Alpine,bergen,painting,3,3
alpine,Alpine,bergen,drywall,3,3
alpine,Alpine,bergen,tile,2,2
alpine,Alpine,bergen,plumbing,4,4
alpine,Alpine,bergen,electrical,2,2
bergenfield,Bergenfield,bergen,handyman,3,3
bergenfield,Bergenfield,bergen,masonry,3,3
bergenfield,Bergenfield,bergen,landscaping,2,2
bergenfield,Bergenfield,bergen,painting,3,3
bergenfield,Bergenfield,bergen,drywall,3,3
bergenfield,Bergenfield,bergen,tile,2,2
bergenfield,Bergenfield,bergen,plumbing,4,4
bergenfield,Bergenfield,bergen,electrical,2,2
bogota,Bogota,bergen,handyman,3,3
bogota,Bogota,bergen,masonry,3,3
bogota,Bogota,bergen,landscaping,2,2
bogota,Bogota,bergen,painting,3,3
bogota,Bogota,bergen,drywall,3,3
bogota,Bogota,bergen,tile,2,2
bogota,Bogota,bergen,plumbing,4,4
bogota,Bogota,bergen,electrical,2,2
carlstadt,Carlstadt,bergen,handyman,3,3
carlstadt,Carlstadt,bergen,masonry,3,3
carlstadt,Carlstadt,bergen,landscaping,2,2
carlstadt,Carlstadt,bergen,painting,3,3
carlstadt,Carlstadt,bergen,drywall,3,3
carlstadt,Carlstadt,bergen,tile,2,2
carlstadt,Carlstadt,bergen,plumbing,4,4
carlstadt,Carlstadt,bergen,electrical,2,2
cliffside-park,Cliffside Park,bergen,handyman,3,3
cliffside-park,Cliffside Park,bergen,masonry,3,3
cliffside-park,Cliffside Park,bergen,landscaping,2,2
cliffside-park,Cliffside Park,bergen,painting,3,3
cliffside-park,Cliffside Park,bergen,drywall,3,3
cliffside-park,Cliffside Park,bergen,tile,2,2
cliffside-park,Cliffside Park,bergen,plumbing,4,4
cliffside-park,Cliffside Park,bergen,electrical,2,2
closter,Closter,bergen,handyman,3,3
closter,Closter,bergen,masonry,3,3
closter,Closter,bergen,landscaping,2,2
closter,Closter,bergen,painting,3,3
closter,Closter,bergen,drywall,3,3
closter,Closter,bergen,tile,2,2
closter,Closter,bergen,plumbing,4,4
closter,Closter,bergen,electrical,2,2
cresskill,Cresskill,bergen,handyman,3,3
cresskill,Cresskill,bergen,masonry,3,3
cresskill,Cresskill,bergen,landscaping,2,2
cresskill,Cresskill,bergen,painting,3,3
cresskill,Cresskill,bergen,drywall,3,3
cresskill,Cresskill,bergen,tile,2,2
cresskill,Cresskill,bergen,plumbing,4,4
cresskill,Cresskill,bergen,electrical,2,2
demarest,Demarest,bergen,handyman,3,3
demarest,Demarest,bergen,masonry,3,3
demarest,Demarest,bergen,landscaping,2,2
demarest,Demarest,bergen,painting,3,3
demarest,Demarest,bergen,drywall,3,3
demarest,Demarest,bergen,tile,2,2
demarest,Demarest,bergen,plumbing,4,4
demarest,Demarest,bergen,electrical,2,2
dumont,Dumont,bergen,handyman,3,3
dumont,Dumont,bergen,masonry,3,3
dumont,Dumont,bergen,landscaping,2,2
dumont,Dumont,bergen,painting,3,3
dumont,Dumont,bergen,drywall,3,3
dumont,Dumont,bergen,tile,2,2
dumont,Dumont,bergen,plumbing,4,4
dumont,Dumont,bergen,electrical,2,2
east-rutherford,East Rutherford,bergen,handyman,3,3
east-rutherford,East Rutherford,bergen,masonry,3,3
east-rutherford,East Rutherford,bergen,landscaping,2,2
east-rutherford,East Rutherford,bergen,painting,3,3
east-rutherford,East Rutherford,bergen,drywall,3,3
east-rutherford,East Rutherford,bergen,tile,2,2
east-rutherford,East Rutherford,bergen,plumbing,4,4
east-rutherford,East Rutherford,bergen,electrical,2,2
edgewater,Edgewater,bergen,handyman,3,3
edgewater,Edgewater,bergen,masonry,3,3
edgewater,Edgewater,bergen,landscaping,2,2
edgewater,Edgewater,bergen,painting,3,3
edgewater,Edgewater,bergen,drywall,3,3
edgewater,Edgewater,bergen,tile,2,2
edgewater,Edgewater,bergen,plumbing,4,4
edgewater,Edgewater,bergen,electrical,2,2
elmwood-park,Elmwood Park,bergen,handyman,3,3
elmwood-park,Elmwood Park,bergen,masonry,3,3
elmwood-park,Elmwood Park,bergen,landscaping,2,2
elmwood-park,Elmwood Park,bergen,painting,3,3
elmwood-park,Elmwood Park,bergen,drywall,3,3
elmwood-park,Elmwood Park,bergen,tile,2,2
elmwood-park,Elmwood Park,bergen,plumbing,4,4
elmwood-park,Elmwood Park,bergen,electrical,2,2
emerson,Emerson,bergen,handyman,3,3
emerson,Emerson,bergen,masonry,3,3
emerson,Emerson,bergen,landscaping,2,2
emerson,Emerson,bergen,painting,3,3
emerson,Emerson,bergen,drywall,3,3
emerson,Emerson,bergen,tile,2,2
emerson,Emerson,bergen,plumbing,4,4
emerson,Emerson,bergen,electrical,2,2
englewood,Englewood,bergen,handyman,3,3
englewood,Englewood,bergen,masonry,3,3
englewood,Englewood,bergen,landscaping,2,2
englewood,Englewood,bergen,painting,3,3
englewood,Englewood,bergen,drywall,3,3
englewood,Englewood,bergen,tile,2,2
englewood,Englewood,bergen,plumbing,4,4
englewood,Englewood,bergen,electrical,2,2
englewood-cliffs,Englewood Cliffs,bergen,handyman,3,3
englewood-cliffs,Englewood Cliffs,bergen,masonry,3,3
englewood-cliffs,Englewood Cliffs,bergen,landscaping,2,2
englewood-cliffs,Englewood Cliffs,bergen,painting,3,3
englewood-cliffs,Englewood Cliffs,bergen,drywall,3,3
englewood-cliffs,Englewood Cliffs,bergen,tile,2,2
englewood-cliffs,Englewood Cliffs,bergen,plumbing,4,4
englewood-cliffs,Englewood Cliffs,bergen,electrical,2,2
fair-lawn,Fair Lawn,bergen,handyman,4,4
fair-lawn,Fair Lawn,bergen,masonry,3,3
fair-lawn,Fair Lawn,bergen,landscaping,2,2
fair-lawn,Fair Lawn,bergen,painting,3,3
fair-lawn,Fair Lawn,bergen,drywall,3,3
fair-lawn,Fair Lawn,bergen,tile,2,2
fair-lawn,Fair Lawn,bergen,plumbing,4,4
fair-lawn,Fair Lawn,bergen,electrical,2,2
fairview,Fairview,bergen,handyman,3,3
fairview,Fairview,bergen,masonry,3,3
fairview,Fairview,bergen,landscaping,2,2
fairview,Fairview,bergen,painting,3,3
fairview,Fairview,bergen,drywall,3,3
fairview,Fairview,bergen,tile,2,2
fairview,Fairview,bergen,plumbing,4,4
fairview,Fairview,bergen,electrical,2,2
fort-lee,Fort Lee,bergen,handyman,4,4
fort-lee,Fort Lee,bergen,masonry,3,3
fort-lee,Fort Lee,bergen,landscaping,2,2
fort-lee,Fort Lee,bergen,painting,4,4
fort-lee,Fort Lee,bergen,drywall,3,3
fort-lee,Fort Lee,bergen,tile,2,2
fort-lee,Fort Lee,bergen,plumbing,4,4
fort-lee,Fort Lee,bergen,electrical,2,2
franklin-lakes,Franklin Lakes,bergen,handyman,5,5
franklin-lakes,Franklin Lakes,bergen,masonry,3,3
franklin-lakes,Franklin Lakes,bergen,landscaping,2,2
franklin-lakes,Franklin Lakes,bergen,painting,4,4
franklin-lakes,Franklin Lakes,bergen,drywall,3,3
franklin-lakes,Franklin Lakes,bergen,tile,2,2
franklin-lakes,Franklin Lakes,bergen,plumbing,4,4
franklin-lakes,Franklin Lakes,bergen,electrical,2,2
garfield,Garfield,bergen,handyman,3,3
garfield,Garfield,bergen,masonry,3,3
garfield,Garfield,bergen,landscaping,2,2
garfield,Garfield,bergen,painting,3,3
garfield,Garfield,bergen,drywall,3,3
garfield,Garfield,bergen,tile,2,2
garfield,Garfield,bergen,plumbing,4,4
garfield,Garfield,bergen,electrical,2,2
glen-rock,Glen Rock,bergen,handyman,4,4
glen-rock,Glen Rock,bergen,masonry,3,3
glen-rock,Glen Rock,bergen,landscaping,2,2
glen-rock,Glen Rock,bergen,painting,3,3
glen-rock,Glen Rock,bergen,drywall,3,3
glen-rock,Glen Rock,bergen,tile,2,2
glen-rock,Glen Rock,bergen,plumbing,4,4
glen-rock,Glen Rock,bergen,electrical,2,2
hackensack,Hackensack,bergen,handyman,3,3
hackensack,Hackensack,bergen,masonry,3,3
hackensack,Hackensack,bergen,landscaping,2,2
hackensack,Hackensack,bergen,painting,3,3
hackensack,Hackensack,bergen,drywall,3,3
hackensack,Hackensack,bergen,tile,2,2
hackensack,Hackensack,bergen,plumbing,4,4
hackensack,Hackensack,bergen,electrical,2,2
harrington-park,Harrington Park,bergen,handyman,3,3
harrington-park,Harrington Park,bergen,masonry,3,3
harrington-park,Harrington Park,bergen,landscaping,2,2
harrington-park,Harrington Park,bergen,painting,3,3
harrington-park,Harrington Park,bergen,drywall,3,3
harrington-park,Harrington Park,bergen,tile,2,2
harrington-park,Harrington Park,bergen,plumbing,4,4
harrington-park,Harrington Park,bergen,electrical,2,2
hasbrouck-heights,Hasbrouck Heights,bergen,handyman,3,3
hasbrouck-heights,Hasbrouck Heights,bergen,masonry,3,3
hasbrouck-heights,Hasbrouck Heights,bergen,landscaping,2,2
hasbrouck-heights,Hasbrouck Heights,bergen,painting,3,3
hasbrouck-heights,Hasbrouck Heights,bergen,drywall,3,3
hasbrouck-heights,Hasbrouck Heights,bergen,tile,2,2
hasbrouck-heights,Hasbrouck Heights,bergen,plumbing,4,4
hasbrouck-heights,Hasbrouck Heights,bergen,electrical,2,2
haworth,Haworth,bergen,handyman,3,3
haworth,Haworth,bergen,masonry,3,3
haworth,Haworth,bergen,landscaping,2,2
haworth,Haworth,bergen,painting,3,3
haworth,Haworth,bergen,drywall,3,3
haworth,Haworth,bergen,tile,2,2
haworth,Haworth,bergen,plumbing,4,4
haworth,Haworth,bergen,electrical,2,2
hillsdale,Hillsdale,bergen,handyman,3,3
hillsdale,Hillsdale,bergen,masonry,3,3
hillsdale,Hillsdale,bergen,landscaping,2,2
hillsdale,Hillsdale,bergen,painting,3,3
hillsdale,Hillsdale,bergen,drywall,3,3
hillsdale,Hillsdale,bergen,tile,2,2
hillsdale,Hillsdale,bergen,plumbing,4,4
hillsdale,Hillsdale,bergen,electrical,2,2
ho-ho-kus,Ho-Ho-Kus,bergen,handyman,4,4
ho-ho-kus,Ho-Ho-Kus,bergen,masonry,3,3
ho-ho-kus,Ho-Ho-Kus,bergen,landscaping,2,2
ho-ho-kus,Ho-Ho-Kus,bergen,painting,3,3
ho-ho-kus,Ho-Ho-Kus,bergen,drywall,3,3
ho-ho-kus,Ho-Ho-Kus,bergen,tile,2,2
ho-ho-kus,Ho-Ho-Kus,bergen,plumbing,4,4
ho-ho-kus,Ho-Ho-Kus,bergen,electrical,2,2
leonia,Leonia,bergen,handyman,3,3
leonia,Leonia,bergen,masonry,3,3
leonia,Leonia,bergen,landscaping,2,2
leonia,Leonia,bergen,painting,3,3
leonia,Leonia,bergen,drywall,3,3
leonia,Leonia,bergen,tile,2,2
leonia,Leonia,bergen,plumbing,4,4
leonia,Leonia,bergen,electrical,2,2
little-ferry,Little Ferry,bergen,handyman,3,3
little-ferry,Little Ferry,bergen,masonry,3,3
little-ferry,Little Ferry,bergen,landscaping,2,2
little-ferry,Little Ferry,bergen,painting,3,3
little-ferry,Little Ferry,bergen,drywall,3,3
little-ferry,Little Ferry,bergen,tile,2,2
little-ferry,Little Ferry,bergen,plumbing,4,4
little-ferry,Little Ferry,bergen,electrical,2,2
lodi,Lodi,bergen,handyman,3,3
lodi,Lodi,bergen,masonry,3,3
lodi,Lodi,bergen,landscaping,2,2
lodi,Lodi,bergen,painting,3,3
lodi,Lodi,bergen,drywall,3,3
lodi,Lodi,bergen,tile,2,2
lodi,Lodi,bergen,plumbing,4,4
lodi,Lodi,bergen,electrical,2,2
lyndhurst,Lyndhurst,bergen,handyman,3,3
lyndhurst,Lyndhurst,bergen,masonry,3,3
lyndhurst,Lyndhurst,bergen,landscaping,2,2
lyndhurst,Lyndhurst,bergen,painting,3,3
lyndhurst,Lyndhurst,bergen,drywall,3,3
lyndhurst,Lyndhurst,bergen,tile,2,2
lyndhurst,Lyndhurst,bergen,plumbing,4,4
lyndhurst,Lyndhurst,bergen,electrical,2,2
mahwah,Mahwah,bergen,handyman,4,4
mahwah,Mahwah,bergen,masonry,3,3
mahwah,Mahwah,bergen,landscaping,2,2
mahwah,Mahwah,bergen,painting,3,3
mahwah,Mahwah,bergen,drywall,3,3
mahwah,Mahwah,bergen,tile,2,2
mahwah,Mahwah,bergen,plumbing,4,4
mahwah,Mahwah,bergen,electrical,2,2
maywood,Maywood,bergen,handyman,3,3
maywood,Maywood,bergen,masonry,3,3
maywood,Maywood,bergen,landscaping,2,2
maywood,Maywood,bergen,painting,3,3
maywood,Maywood,bergen,drywall,3,3
maywood,Maywood,bergen,tile,2,2
maywood,Maywood,bergen,plumbing,4,4
maywood,Maywood,bergen,electrical,2,2
midland-park,Midland Park,bergen,handyman,4,4
midland-park,Midland Park,bergen,masonry,3,3
midland-park,Midland Park,bergen,landscaping,2,2
midland-park,Midland Park,bergen,painting,3,3
midland-park,Midland Park,bergen,drywall,3,3
midland-park,Midland Park,bergen,tile,2,2
midland-park,Midland Park,bergen,plumbing,4,4
midland-park,Midland Park,bergen,electrical,2,2
montvale,Montvale,bergen,handyman,3,3
montvale,Montvale,bergen,masonry,3,3
montvale,Montvale,bergen,landscaping,2,2
montvale,Montvale,bergen,painting,3,3
montvale,Montvale,bergen,drywall,3,3
montvale,Montvale,bergen,tile,2,2
montvale,Montvale,bergen,plumbing,4,4
montvale,Montvale,bergen,electrical,2,2
moonachie,Moonachie,bergen,handyman,3,3
moonachie,Moonachie,bergen,masonry,3,3
moonachie,Moonachie,bergen,landscaping,2,2
moonachie,Moonachie,bergen,painting,3,3
moonachie,Moonachie,bergen,drywall,3,3
moonachie,Moonachie,bergen,tile,2,2
moonachie,Moonachie,bergen,plumbing,4,4
moonachie,Moonachie,bergen,electrical,2,2
new-milford,New Milford,bergen,handyman,3,3
new-milford,New Milford,bergen,masonry,3,3
new-milford,New Milford,bergen,landscaping,2,2
new-milford,New Milford,bergen,painting,3,3
new-milford,New Milford,bergen,drywall,3,3
new-milford,New Milford,bergen,tile,2,2
new-milford,New Milford,bergen,plumbing,4,4
new-milford,New Milford,bergen,electrical,2,2
north-arlington,North Arlington,bergen,handyman,3,3
north-arlington,North Arlington,bergen,masonry,3,3
north-arlington,North Arlington,bergen,landscaping,2,2
north-arlington,North Arlington,bergen,painting,3,3
north-arlington,North Arlington,bergen,drywall,3,3
north-arlington,North Arlington,bergen,tile,2,2
north-arlington,North Arlington,bergen,plumbing,4,4
north-arlington,North Arlington,bergen,electrical,2,2
northvale,Northvale,bergen,handyman,3,3
northvale,Northvale,bergen,masonry,3,3
northvale,Northvale,bergen,landscaping,2,2
northvale,Northvale,bergen,painting,3,3
northvale,Northvale,bergen,drywall,3,3
northvale,Northvale,bergen,tile,2,2
northvale,Northvale,bergen,plumbing,4,4
northvale,Northvale,bergen,electrical,2,2
norwood,Norwood,bergen,handyman,3,3
norwood,Norwood,bergen,masonry,3,3
norwood,Norwood,bergen,landscaping,2,2
norwood,Norwood,bergen,painting,3,3
norwood,Norwood,bergen,drywall,3,3
norwood,Norwood,bergen,tile,2,2
norwood,Norwood,bergen,plumbing,4,4
norwood,Norwood,bergen,electrical,2,2
oakland,Oakland,bergen,handyman,3,3
oakland,Oakland,bergen,masonry,3,3
oakland,Oakland,bergen,landscaping,2,2
oakland,Oakland,bergen,painting,3,3
oakland,Oakland,bergen,drywall,3,3
oakland,Oakland,bergen,tile,2,2
oakland,Oakland,bergen,plumbing,4,4
oakland,Oakland,bergen,electrical,2,2
old-tappan,Old Tappan,bergen,handyman,3,3
old-tappan,Old Tappan,bergen,masonry,3,3
old-tappan,Old Tappan,bergen,landscaping,2,2
old-tappan,Old Tappan,bergen,painting,3,3
old-tappan,Old Tappan,bergen,drywall,3,3
old-tappan,Old Tappan,bergen,tile,2,2
old-tappan,Old Tappan,bergen,plumbing,4,4
old-tappan,Old Tappan,bergen,electrical,2,2
oradell,Oradell,bergen,handyman,3,3
oradell,Oradell,bergen,masonry,3,3
oradell,Oradell,bergen,landscaping,2,2
oradell,Oradell,bergen,painting,3,3
oradell,Oradell,bergen,drywall,3,3
oradell,Oradell,bergen,tile,2,2
oradell,Oradell,bergen,plumbing,4,4
oradell,Oradell,bergen,electrical,2,2
palisades-park,Palisades Park,bergen,handyman,3,3
palisades-park,Palisades Park,bergen,masonry,3,3
palisades-park,Palisades Park,bergen,landscaping,2,2
palisades-park,Palisades Park,bergen,painting,3,3
palisades-park,Palisades Park,bergen,drywall,3,3
palisades-park,Palisades Park,bergen,tile,2,2
palisades-park,Palisades Park,bergen,plumbing,4,4
palisades-park,Palisades Park,bergen,electrical,2,2
paramus,Paramus,bergen,handyman,5,5
paramus,Paramus,bergen,masonry,3,3
paramus,Paramus,bergen,landscaping,2,2
paramus,Paramus,bergen,painting,4,4
paramus,Paramus,bergen,drywall,3,3
paramus,Paramus,bergen,tile,2,2
paramus,Paramus,bergen,plumbing,4,4
paramus,Paramus,bergen,electrical,2,2
park-ridge,Park Ridge,bergen,handyman,4,4
park-ridge,Park Ridge,bergen,masonry,3,3
park-ridge,Park Ridge,bergen,landscaping,2,2
park-ridge,Park Ridge,bergen,painting,3,3
park-ridge,Park Ridge,bergen,drywall,3,3
park-ridge,Park Ridge,bergen,tile,2,2
park-ridge,Park Ridge,bergen,plumbing,4,4
park-ridge,Park Ridge,bergen,electrical,2,2
ramsey,Ramsey,bergen,handyman,5,5
ramsey,Ramsey,bergen,masonry,3,3
ramsey,Ramsey,bergen,landscaping,2,2
ramsey,Ramsey,bergen,painting,4,4
ramsey,Ramsey,bergen,drywall,3,3
ramsey,Ramsey,bergen,tile,2,2
ramsey,Ramsey,bergen,plumbing,4,4
ramsey,Ramsey,bergen,electrical,2,2
ridgefield,Ridgefield,bergen,handyman,3,3
ridgefield,Ridgefield,bergen,masonry,3,3
ridgefield,Ridgefield,bergen,landscaping,2,2
ridgefield,Ridgefield,bergen,painting,3,3
ridgefield,Ridgefield,bergen,drywall,3,3
ridgefield,Ridgefield,bergen,tile,2,2
ridgefield,Ridgefield,bergen,plumbing,4,4
ridgefield,Ridgefield,bergen,electrical,2,2
ridgefield-park,Ridgefield Park,bergen,handyman,3,3
ridgefield-park,Ridgefield Park,bergen,masonry,3,3
ridgefield-park,Ridgefield Park,bergen,landscaping,2,2
ridgefield-park,Ridgefield Park,bergen,painting,3,3
ridgefield-park,Ridgefield Park,bergen,drywall,3,3
ridgefield-park,Ridgefield Park,bergen,tile,2,2
ridgefield-park,Ridgefield Park,bergen,plumbing,4,4
ridgefield-park,Ridgefield Park,bergen,electrical,2,2
ridgewood,Ridgewood,bergen,handyman,4,4
ridgewood,Ridgewood,bergen,masonry,3,3
ridgewood,Ridgewood,bergen,landscaping,2,2
ridgewood,Ridgewood,bergen,painting,3,3
ridgewood,Ridgewood,bergen,drywall,3,3
ridgewood,Ridgewood,bergen,tile,2,2
ridgewood,Ridgewood,bergen,plumbing,4,4
ridgewood,Ridgewood,bergen,electrical,2,2
river-edge,River Edge,bergen,handyman,3,3
river-edge,River Edge,bergen,masonry,3,3
river-edge,River Edge,bergen,landscaping,2,2
river-edge,River Edge,bergen,painting,3,3
river-edge,River Edge,bergen,drywall,3,3
river-edge,River Edge,bergen,tile,2,2
river-edge,River Edge,bergen,plumbing,4,4
river-edge,River Edge,bergen,electrical,2,2
river-vale,River Vale,bergen,handyman,3,3
river-vale,River Vale,bergen,masonry,3,3
river-vale,River Vale,bergen,landscaping,2,2
river-vale,River Vale,bergen,painting,3,3
river-vale,River Vale,bergen,drywall,3,3
river-vale,River Vale,bergen,tile,2,2
river-vale,River Vale,bergen,plumbing,4,4
river-vale,River Vale,bergen,electrical,2,2
rochelle-park,Rochelle Park,bergen,handyman,3,3
rochelle-park,Rochelle Park,bergen,masonry,3,3
rochelle-park,Rochelle Park,bergen,landscaping,2,2
rochelle-park,Rochelle Park,bergen,painting,3,3
rochelle-park,Rochelle Park,bergen,drywall,3,3
rochelle-park,Rochelle Park,bergen,tile,2,2
rochelle-park,Rochelle Park,bergen,plumbing,4,4
rochelle-park,Rochelle Park,bergen,electrical,2,2
rockleigh,Rockleigh,bergen,handyman,3,3
rockleigh,Rockleigh,bergen,masonry,3,3
rockleigh,Rockleigh,bergen,landscaping,2,2
rockleigh,Rockleigh,bergen,painting,3,3
rockleigh,Rockleigh,bergen,drywall,3,3
rockleigh,Rockleigh,bergen,tile,2,2
rockleigh,Rockleigh,bergen,plumbing,4,4
rockleigh,Rockleigh,bergen,electrical,2,2
rutherford,Rutherford,bergen,handyman,3,3
rutherford,Rutherford,bergen,masonry,3,3
rutherford,Rutherford,bergen,landscaping,2,2
rutherford,Rutherford,bergen,painting,3,3
rutherford,Rutherford,bergen,drywall,3,3
rutherford,Rutherford,bergen,tile,2,2
rutherford,Rutherford,bergen,plumbing,4,4
rutherford,Rutherford,bergen,electrical,2,2
saddle-brook,Saddle Brook,bergen,handyman,3,3
saddle-brook,Saddle Brook,bergen,masonry,3,3
saddle-brook,Saddle Brook,bergen,landscaping,2,2
saddle-brook,Saddle Brook,bergen,painting,3,3
saddle-brook,Saddle Brook,bergen,drywall,3,3
saddle-brook,Saddle Brook,bergen,tile,2,2
saddle-brook,Saddle Brook,bergen,plumbing,4,4
saddle-brook,Saddle Brook,bergen,electrical,2,2
saddle-river,Saddle River,bergen,handyman,3,3
saddle-river,Saddle River,bergen,masonry,3,3
saddle-river,Saddle River,bergen,landscaping,2,2
saddle-river,Saddle River,bergen,painting,3,3
saddle-river,Saddle River,bergen,drywall,3,3
saddle-river,Saddle River,bergen,tile,2,2
saddle-river,Saddle River,bergen,plumbing,4,4
saddle-river,Saddle River,bergen,electrical,2,2
south-hackensack,South Hackensack,bergen,handyman,3,3
south-hackensack,South Hackensack,bergen,masonry,3,3
south-hackensack,South Hackensack,bergen,landscaping,2,2
south-hackensack,South Hackensack,bergen,painting,3,3
south-hackensack,South Hackensack,bergen,drywall,3,3
south-hackensack,South Hackensack,bergen,tile,2,2
south-hackensack,South Hackensack,bergen,plumbing,4,4
south-hackensack,South Hackensack,bergen,electrical,2,2
teaneck,Teaneck,bergen,handyman,3,3
teaneck,Teaneck,bergen,masonry,3,3
teaneck,Teaneck,bergen,landscaping,2,2
teaneck,Teaneck,bergen,painting,3,3
teaneck,Teaneck,bergen,drywall,3,3
teaneck,Teaneck,bergen,tile,2,2
teaneck,Teaneck,bergen,plumbing,4,4
teaneck,Teaneck,bergen,electrical,2,2
tenafly,Tenafly,bergen,handyman,3,3
tenafly,Tenafly,bergen,masonry,3,3
tenafly,Tenafly,bergen,landscaping,2,2
tenafly,Tenafly,bergen,painting,3,3
tenafly,Tenafly,bergen,drywall,3,3
tenafly,Tenafly,bergen,tile,2,2
tenafly,Tenafly,bergen,plumbing,4,4
tenafly,Tenafly,bergen,electrical,2,2
teterboro,Teterboro,bergen,handyman,3,3
teterboro,Teterboro,bergen,masonry,3,3
teterboro,Teterboro,bergen,landscaping,2,2
teterboro,Teterboro,bergen,painting,3,3
teterboro,Teterboro,bergen,drywall,3,3
teterboro,Teterboro,bergen,tile,2,2
teterboro,Teterboro,bergen,plumbing,4,4
teterboro,Teterboro,bergen,electrical,2,2
upper-saddle-river,Upper Saddle River,bergen,handyman,3,3
upper-saddle-river,Upper Saddle River,bergen,masonry,3,3
upper-saddle-river,Upper Saddle River,bergen,landscaping,2,2
upper-saddle-river,Upper Saddle River,bergen,painting,3,3
upper-saddle-river,Upper Saddle River,bergen,drywall,3,3
upper-saddle-river,Upper Saddle River,bergen,tile,2,2
upper-saddle-river,Upper Saddle River,bergen,plumbing,4,4
upper-saddle-river,Upper Saddle River,bergen,electrical,2,2
waldwick,Waldwick,bergen,handyman,4,4
waldwick,Waldwick,bergen,masonry,3,3
waldwick,Waldwick,bergen,landscaping,2,2
waldwick,Waldwick,bergen,painting,3,3
waldwick,Waldwick,bergen,drywall,3,3
waldwick,Waldwick,bergen,tile,2,2
waldwick,Waldwick,bergen,plumbing,4,4
waldwick,Waldwick,bergen,electrical,2,2
wallington,Wallington,bergen,handyman,3,3
wallington,Wallington,bergen,masonry,3,3
wallington,Wallington,bergen,landscaping,2,2
wallington,Wallington,bergen,painting,3,3
wallington,Wallington,bergen,drywall,3,3
wallington,Wallington,bergen,tile,2,2
wallington,Wallington,bergen,plumbing,4,4
wallington,Wallington,bergen,electrical,2,2
washington-township-bergen,Washington Township,bergen,handyman,3,3
washington-township-bergen,Washington Township,bergen,masonry,3,3
washington-township-bergen,Washington Township,bergen,landscaping,2,2
washington-township-bergen,Washington Township,bergen,painting,3,3
washington-township-bergen,Washington Township,bergen,drywall,3,3
washington-township-bergen,Washington Township,bergen,tile,2,2
washington-township-bergen,Washington Township,bergen,plumbing,4,4
washington-township-bergen,Washington Township,bergen,electrical,2,2
westwood,Westwood,bergen,handyman,5,5
westwood,Westwood,bergen,masonry,3,3
westwood,Westwood,bergen,landscaping,2,2
westwood,Westwood,bergen,painting,4,4
westwood,Westwood,bergen,drywall,3,3
westwood,Westwood,bergen,tile,2,2
westwood,Westwood,bergen,plumbing,4,4
westwood,Westwood,bergen,electrical,2,2
woodcliff-lake,Woodcliff Lake,bergen,handyman,3,3
woodcliff-lake,Woodcliff Lake,bergen,masonry,3,3
woodcliff-lake,Woodcliff Lake,bergen,landscaping,2,2
woodcliff-lake,Woodcliff Lake,bergen,painting,3,3
woodcliff-lake,Woodcliff Lake,bergen,drywall,3,3
woodcliff-lake,Woodcliff Lake,bergen,tile,2,2
woodcliff-lake,Woodcliff Lake,bergen,plumbing,4,4
woodcliff-lake,Woodcliff Lake,bergen,electrical,2,2
wood-ridge,Wood-Ridge,bergen,handyman,3,3
wood-ridge,Wood-Ridge,bergen,masonry,3,3
wood-ridge,Wood-Ridge,bergen,landscaping,2,2
wood-ridge,Wood-Ridge,bergen,painting,3,3
wood-ridge,Wood-Ridge,bergen,drywall,3,3
wood-ridge,Wood-Ridge,bergen,tile,2,2
wood-ridge,Wood-Ridge,bergen,plumbing,4,4
wood-ridge,Wood-Ridge,bergen,electrical,2,2
wyckoff,Wyckoff,bergen,handyman,4,4
wyckoff,Wyckoff,bergen,masonry,3,3
wyckoff,Wyckoff,bergen,landscaping,2,2
wyckoff,Wyckoff,bergen,painting,3,3
wyckoff,Wyckoff,bergen,drywall,3,3
wyckoff,Wyckoff,bergen,tile,2,2
wyckoff,Wyckoff,bergen,plumbing,4,4
wyckoff,Wyckoff,bergen,electrical,2,2
belleville,Belleville,essex,handyman,2,2
belleville,Belleville,essex,masonry,3,3
belleville,Belleville,essex,landscaping,3,3
belleville,Belleville,essex,painting,3,3
belleville,Belleville,essex,drywall,3,3
belleville,Belleville,essex,tile,2,2
belleville,Belleville,essex,plumbing,3,3
belleville,Belleville,essex,electrical,2,2
bloomfield,Bloomfield,essex,handyman,2,2
bloomfield,Bloomfield,essex,masonry,3,3
bloomfield,Bloomfield,essex,landscaping,3,3
bloomfield,Bloomfield,essex,painting,3,3
bloomfield,Bloomfield,essex,drywall,3,3
bloomfield,Bloomfield,essex,tile,2,2
bloomfield,Bloomfield,essex,plumbing,3,3
bloomfield,Bloomfield,essex,electrical,2,2
caldwell,Caldwell,essex,handyman,2,2
caldwell,Caldwell,essex,masonry,3,3
caldwell,Caldwell,essex,landscaping,3,3
caldwell,Caldwell,essex,painting,3,3
caldwell,Caldwell,essex,drywall,3,3
caldwell,Caldwell,essex,tile,2,2
caldwell,Caldwell,essex,plumbing,3,3
caldwell,Caldwell,essex,electrical,2,2
cedar-grove,Cedar Grove,essex,handyman,2,2
cedar-grove,Cedar Grove,essex,masonry,3,3
cedar-grove,Cedar Grove,essex,landscaping,3,3
cedar-grove,Cedar Grove,essex,painting,3,3
cedar-grove,Cedar Grove,essex,drywall,3,3
cedar-grove,Cedar Grove,essex,tile,2,2
cedar-grove,Cedar Grove,essex,plumbing,3,3
cedar-grove,Cedar Grove,essex,electrical,2,2
east-orange,East Orange,essex,handyman,2,2
east-orange,East Orange,essex,masonry,3,3
east-orange,East Orange,essex,landscaping,3,3
east-orange,East Orange,essex,painting,3,3
east-orange,East Orange,essex,drywall,3,3
east-orange,East Orange,essex,tile,2,2
east-orange,East Orange,essex,plumbing,3,3
east-orange,East Orange,essex,electrical,2,2
essex-fells,Essex Fells,essex,handyman,2,2
essex-fells,Essex Fells,essex,masonry,3,3
essex-fells,Essex Fells,essex,landscaping,3,3
essex-fells,Essex Fells,essex,painting,3,3
essex-fells,Essex Fells,essex,drywall,3,3
essex-fells,Essex Fells,essex,tile,2,2
essex-fells,Essex Fells,essex,plumbing,3,3
essex-fells,Essex Fells,essex,electrical,2,2
fairfield,Fairfield,essex,handyman,2,2
fairfield,Fairfield,essex,masonry,3,3
fairfield,Fairfield,essex,landscaping,3,3
fairfield,Fairfield,essex,painting,3,3
fairfield,Fairfield,essex,drywall,3,3
fairfield,Fairfield,essex,tile,2,2
fairfield,Fairfield,essex,plumbing,3,3
fairfield,Fairfield,essex,electrical,2,2
glen-ridge,Glen Ridge,essex,handyman,2,2
glen-ridge,Glen Ridge,essex,masonry,3,3
glen-ridge,Glen Ridge,essex,landscaping,3,3
glen-ridge,Glen Ridge,essex,painting,3,3
glen-ridge,Glen Ridge,essex,drywall,3,3
glen-ridge,Glen Ridge,essex,tile,2,2
glen-ridge,Glen Ridge,essex,plumbing,3,3
glen-ridge,Glen Ridge,essex,electrical,2,2
irvington,Irvington,essex,handyman,2,2
irvington,Irvington,essex,masonry,3,3
irvington,Irvington,essex,landscaping,3,3
irvington,Irvington,essex,painting,3,3
irvington,Irvington,essex,drywall,3,3
irvington,Irvington,essex,tile,2,2
irvington,Irvington,essex,plumbing,3,3
irvington,Irvington,essex,electrical,2,2
maplewood,Maplewood,essex,handyman,3,3
maplewood,Maplewood,essex,masonry,3,3
maplewood,Maplewood,essex,landscaping,3,3
maplewood,Maplewood,essex,painting,4,4
maplewood,Maplewood,essex,drywall,3,3
maplewood,Maplewood,essex,tile,2,2
maplewood,Maplewood,essex,plumbing,3,3
maplewood,Maplewood,essex,electrical,2,2
millburn,Millburn,essex,handyman,2,2
millburn,Millburn,essex,masonry,3,3
millburn,Millburn,essex,landscaping,3,3
millburn,Millburn,essex,painting,3,3
millburn,Millburn,essex,drywall,3,3
millburn,Millburn,essex,tile,2,2
millburn,Millburn,essex,plumbing,3,3
millburn,Millburn,essex,electrical,2,2
montclair,Montclair,essex,handyman,2,2
montclair,Montclair,essex,masonry,3,3
montclair,Montclair,essex,landscaping,3,3
montclair,Montclair,essex,painting,3,3
montclair,Montclair,essex,drywall,3,3
montclair,Montclair,essex,tile,2,2
montclair,Montclair,essex,plumbing,3,3
montclair,Montclair,essex,electrical,2,2
newark,Newark,essex,handyman,3,3
newark,Newark,essex,masonry,3,3
newark,Newark,essex,landscaping,3,3
newark,Newark,essex,painting,4,4
newark,Newark,essex,drywall,3,3
newark,Newark,essex,tile,2,2
newark,Newark,essex,plumbing,3,3
newark,Newark,essex,electrical,2,2
north-caldwell,North Caldwell,essex,handyman,2,2
north-caldwell,North Caldwell,essex,masonry,3,3
north-caldwell,North Caldwell,essex,landscaping,3,3
north-caldwell,North Caldwell,essex,painting,3,3
north-caldwell,North Caldwell,essex,drywall,3,3
north-caldwell,North Caldwell,essex,tile,2,2
north-caldwell,North Caldwell,essex,plumbing,3,3
north-caldwell,North Caldwell,essex,electrical,2,2
nutley,Nutley,essex,handyman,3,3
nutley,Nutley,essex,masonry,3,3
nutley,Nutley,essex,landscaping,3,3
nutley,Nutley,essex,painting,4,4
nutley,Nutley,essex,drywall,3,3
nutley,Nutley,essex,tile,2,2
nutley,Nutley,essex,plumbing,3,3
nutley,Nutley,essex,electrical,2,2
orange,Orange,essex,handyman,2,2
orange,Orange,essex,masonry,3,3
orange,Orange,essex,landscaping,3,3
orange,Orange,essex,painting,3,3
orange,Orange,essex,drywall,3,3
orange,Orange,essex,tile,2,2
orange,Orange,essex,plumbing,3,3
orange,Orange,essex,electrical,2,2
roseland,Roseland,essex,handyman,2,2
roseland,Roseland,essex,masonry,3,3
roseland,Roseland,essex,landscaping,3,3
roseland,Roseland,essex,painting,3,3
roseland,Roseland,essex,drywall,3,3
roseland,Roseland,essex,tile,2,2
roseland,Roseland,essex,plumbing,3,3
roseland,Roseland,essex,electrical,2,2
south-orange,South Orange,essex,handyman,2,2
south-orange,South Orange,essex,masonry,3,3
south-orange,South Orange,essex,landscaping,3,3
south-orange,South Orange,essex,painting,3,3
south-orange,South Orange,essex,drywall,3,3
south-orange,South Orange,essex,tile,2,2
south-orange,South Orange,essex,plumbing,3,3
south-orange,South Orange,essex,electrical,2,2
verona,Verona,essex,handyman,2,2
verona,Verona,essex,masonry,3,3
verona,Verona,essex,landscaping,3,3
verona,Verona,essex,painting,3,3
verona,Verona,essex,drywall,3,3
verona,Verona,essex,tile,2,2
verona,Verona,essex,plumbing,3,3
verona,Verona,essex,electrical,2,2
west-caldwell,West Caldwell,essex,handyman,2,2
west-caldwell,West Caldwell,essex,masonry,3,3
west-caldwell,West Caldwell,essex,landscaping,3,3
west-caldwell,West Caldwell,essex,painting,3,3
west-caldwell,West Caldwell,essex,drywall,3,3
west-caldwell,West Caldwell,essex,tile,2,2
west-caldwell,West Caldwell,essex,plumbing,3,3
west-caldwell,West Caldwell,essex,electrical,2,2
west-orange,West Orange,essex,handyman,2,2
west-orange,West Orange,essex,masonry,3,3
west-orange,West Orange,essex,landscaping,3,3
west-orange,West Orange,essex,painting,3,3
west-orange,West Orange,essex,drywall,3,3
west-orange,West Orange,essex,tile,2,2
west-orange,West Orange,essex,plumbing,3,3
west-orange,West Orange,essex,electrical,2,2
bayonne,Bayonne,hudson,handyman,2,2
bayonne,Bayonne,hudson,masonry,3,3
bayonne,Bayonne,hudson,landscaping,2,2
bayonne,Bayonne,hudson,painting,3,3
bayonne,Bayonne,hudson,drywall,3,3
bayonne,Bayonne,hudson,tile,2,2
bayonne,Bayonne,hudson,plumbing,3,3
bayonne,Bayonne,hudson,electrical,2,2
east-newark,East Newark,hudson,handyman,2,2
east-newark,East Newark,hudson,masonry,3,3
east-newark,East Newark,hudson,landscaping,2,2
east-newark,East Newark,hudson,painting,3,3
east-newark,East Newark,hudson,drywall,3,3
east-newark,East Newark,hudson,tile,2,2
east-newark,East Newark,hudson,plumbing,3,3
east-newark,East Newark,hudson,electrical,2,2
guttenberg,Guttenberg,hudson,handyman,2,2
guttenberg,Guttenberg,hudson,masonry,3,3
guttenberg,Guttenberg,hudson,landscaping,2,2
guttenberg,Guttenberg,hudson,painting,3,3
guttenberg,Guttenberg,hudson,drywall,3,3
guttenberg,Guttenberg,hudson,tile,2,2
guttenberg,Guttenberg,hudson,plumbing,3,3
guttenberg,Guttenberg,hudson,electrical,2,2
harrison,Harrison,hudson,handyman,2,2
harrison,Harrison,hudson,masonry,3,3
harrison,Harrison,hudson,landscaping,2,2
harrison,Harrison,hudson,painting,3,3
harrison,Harrison,hudson,drywall,3,3
harrison,Harrison,hudson,tile,2,2
harrison,Harrison,hudson,plumbing,3,3
harrison,Harrison,hudson,electrical,2,2
hoboken,Hoboken,hudson,handyman,3,3
hoboken,Hoboken,hudson,masonry,3,3
hoboken,Hoboken,hudson,landscaping,2,2
hoboken,Hoboken,hudson,painting,3,3
hoboken,Hoboken,hudson,drywall,4,4
hoboken,Hoboken,hudson,tile,2,2
hoboken,Hoboken,hudson,plumbing,3,3
hoboken,Hoboken,hudson,electrical,2,2
jersey-city,Jersey City,hudson,handyman,4,4
jersey-city,Jersey City,hudson,masonry,3,3
jersey-city,Jersey City,hudson,landscaping,2,2
jersey-city,Jersey City,hudson,painting,4,4
jersey-city,Jersey City,hudson,drywall,4,4
jersey-city,Jersey City,hudson,tile,2,2
jersey-city,Jersey City,hudson,plumbing,3,3
jersey-city,Jersey City,hudson,electrical,2,2
kearny,Kearny,hudson,handyman,2,2
kearny,Kearny,hudson,masonry,3,3
kearny,Kearny,hudson,landscaping,2,2
kearny,Kearny,hudson,painting,3,3
kearny,Kearny,hudson,drywall,3,3
kearny,Kearny,hudson,tile,2,2
kearny,Kearny,hudson,plumbing,3,3
kearny,Kearny,hudson,electrical,2,2
north-bergen,North Bergen,hudson,handyman,2,2
north-bergen,North Bergen,hudson,masonry,3,3
north-bergen,North Bergen,hudson,landscaping,2,2
north-bergen,North Bergen,hudson,painting,3,3
north-bergen,North Bergen,hudson,drywall,3,3
north-bergen,North Bergen,hudson,tile,2,2
north-bergen,North Bergen,hudson,plumbing,3,3
north-bergen,North Bergen,hudson,electrical,2,2
secaucus,Secaucus,hudson,handyman,2,2
secaucus,Secaucus,hudson,masonry,3,3
secaucus,Secaucus,hudson,landscaping,2,2
secaucus,Secaucus,hudson,painting,3,3
secaucus,Secaucus,hudson,drywall,3,3
secaucus,Secaucus,hudson,tile,2,2
secaucus,Secaucus,hudson,plumbing,3,3
secaucus,Secaucus,hudson,electrical,2,2
union-city,Union City,hudson,handyman,2,2
union-city,Union City,hudson,masonry,3,3
union-city,Union City,hudson,landscaping,2,2
union-city,Union City,hudson,painting,3,3
union-city,Union City,hudson,drywall,3,3
union-city,Union City,hudson,tile,2,2
union-city,Union City,hudson,plumbing,3,3
union-city,Union City,hudson,electrical,2,2
weehawken,Weehawken,hudson,handyman,2,2
weehawken,Weehawken,hudson,masonry,3,3
weehawken,Weehawken,hudson,landscaping,2,2
weehawken,Weehawken,hudson,painting,3,3
weehawken,Weehawken,hudson,drywall,3,3
weehawken,Weehawken,hudson,tile,2,2
weehawken,Weehawken,hudson,plumbing,3,3
weehawken,Weehawken,hudson,electrical,2,2
west-new-york,West New York,hudson,handyman,2,2
west-new-york,West New York,hudson,masonry,3,3
west-new-york,West New York,hudson,landscaping,2,2
west-new-york,West New York,hudson,painting,3,3
west-new-york,West New York,hudson,drywall,3,3
west-new-york,West New York,hudson,tile,2,2
west-new-york,West New York,hudson,plumbing,3,3
west-new-york,West New York,hudson,electrical,2,2
boonton,Boonton,morris,handyman,3,3
boonton,Boonton,morris,masonry,3,3
boonton,Boonton,morris,landscaping,3,3
boonton,Boonton,morris,painting,4,4
boonton,Boonton,morris,drywall,4,4
boonton,Boonton,morris,tile,3,3
boonton,Boonton,morris,plumbing,3,3
boonton,Boonton,morris,electrical,2,2
boonton-township,Boonton Township,morris,handyman,3,3
boonton-township,Boonton Township,morris,masonry,3,3
boonton-township,Boonton Township,morris,landscaping,3,3
boonton-township,Boonton Township,morris,painting,4,4
boonton-township,Boonton Township,morris,drywall,4,4
boonton-township,Boonton Township,morris,tile,3,3
boonton-township,Boonton Township,morris,plumbing,3,3
boonton-township,Boonton Township,morris,electrical,2,2
butler,Butler,morris,handyman,3,3
butler,Butler,morris,masonry,3,3
butler,Butler,morris,landscaping,3,3
butler,Butler,morris,painting,4,4
butler,Butler,morris,drywall,4,4
butler,Butler,morris,tile,3,3
butler,Butler,morris,plumbing,3,3
butler,Butler,morris,electrical,2,2
chatham-borough,Chatham Borough,morris,handyman,3,3
chatham-borough,Chatham Borough,morris,masonry,3,3
chatham-borough,Chatham Borough,morris,landscaping,3,3
chatham-borough,Chatham Borough,morris,painting,4,4
chatham-borough,Chatham Borough,morris,drywall,4,4
chatham-borough,Chatham Borough,morris,tile,3,3
chatham-borough,Chatham Borough,morris,plumbing,3,3
chatham-borough,Chatham Borough,morris,electrical,2,2
chatham-township,Chatham Township,morris,handyman,3,3
chatham-township,Chatham Township,morris,masonry,3,3
chatham-township,Chatham Township,morris,landscaping,3,3
chatham-township,Chatham Township,morris,painting,4,4
chatham-township,Chatham Township,morris,drywall,4,4
chatham-township,Chatham Township,morris,tile,3,3
chatham-township,Chatham Township,morris,plumbing,3,3
chatham-township,Chatham Township,morris,electrical,2,2
chester-borough,Chester Borough,morris,handyman,3,3
chester-borough,Chester Borough,morris,masonry,3,3
chester-borough,Chester Borough,morris,landscaping,3,3
chester-borough,Chester Borough,morris,painting,4,4
chester-borough,Chester Borough,morris,drywall,4,4
chester-borough,Chester Borough,morris,tile,3,3
chester-borough,Chester Borough,morris,plumbing,3,3
chester-borough,Chester Borough,morris,electrical,2,2
chester-township,Chester Township,morris,handyman,3,3
chester-township,Chester Township,morris,masonry,3,3
chester-township,Chester Township,morris,landscaping,3,3
chester-township,Chester Township,morris,painting,4,4
chester-township,Chester Township,morris,drywall,4,4
chester-township,Chester Township,morris,tile,3,3
chester-township,Chester Township,morris,plumbing,3,3
chester-township,Chester Township,morris,electrical,2,2
denville,Denville,morris,handyman,3,3
denville,Denville,morris,masonry,3,3
denville,Denville,morris,landscaping,3,3
denville,Denville,morris,painting,4,4
denville,Denville,morris,drywall,4,4
denville,Denville,morris,tile,3,3
denville,Denville,morris,plumbing,3,3
denville,Denville,morris,electrical,2,2
dover,Dover,morris,handyman,3,3
dover,Dover,morris,masonry,3,3
dover,Dover,morris,landscaping,3,3
dover,Dover,morris,painting,4,4
dover,Dover,morris,drywall,4,4
dover,Dover,morris,tile,3,3
dover,Dover,morris,plumbing,3,3
dover,Dover,morris,electrical,2,2
harding,Harding,morris,handyman,3,3
harding,Harding,morris,masonry,3,3
harding,Harding,morris,landscaping,3,3
harding,Harding,morris,painting,4,4
harding,Harding,morris,drywall,4,4
harding,Harding,morris,tile,3,3
harding,Harding,morris,plumbing,3,3
harding,Harding,morris,electrical,2,2
jefferson-township,Jefferson Township,morris,handyman,3,3
jefferson-township,Jefferson Township,morris,masonry,3,3
jefferson-township,Jefferson Township,morris,landscaping,3,3
jefferson-township,Jefferson Township,morris,painting,4,4
jefferson-township,Jefferson Township,morris,drywall,4,4
jefferson-township,Jefferson Township,morris,tile,3,3
jefferson-township,Jefferson Township,morris,plumbing,3,3
jefferson-township,Jefferson Township,morris,electrical,2,2
kinnelon,Kinnelon,morris,handyman,3,3
kinnelon,Kinnelon,morris,masonry,3,3
kinnelon,Kinnelon,morris,landscaping,3,3
kinnelon,Kinnelon,morris,painting,4,4
kinnelon,Kinnelon,morris,drywall,4,4
kinnelon,Kinnelon,morris,tile,3,3
kinnelon,Kinnelon,morris,plumbing,3,3
kinnelon,Kinnelon,morris,electrical,2,2
lincoln-park,Lincoln Park,morris,handyman,3,3
lincoln-park,Lincoln Park,morris,masonry,3,3
lincoln-park,Lincoln Park,morris,landscaping,3,3
lincoln-park,Lincoln Park,morris,painting,4,4
lincoln-park,Lincoln Park,morris,drywall,4,4
lincoln-park,Lincoln Park,morris,tile,3,3
lincoln-park,Lincoln Park,morris,plumbing,3,3
lincoln-park,Lincoln Park,morris,electrical,2,2
long-hill-township,Long Hill Township,morris,handyman,3,3
long-hill-township,Long Hill Township,morris,masonry,3,3
long-hill-township,Long Hill Township,morris,landscaping,3,3
long-hill-township,Long Hill Township,morris,painting,4,4
long-hill-township,Long Hill Township,morris,drywall,4,4
long-hill-township,Long Hill Township,morris,tile,3,3
long-hill-township,Long Hill Township,morris,plumbing,3,3
long-hill-township,Long Hill Township,morris,electrical,2,2
mendham-borough,Mendham Borough,morris,handyman,3,3
mendham-borough,Mendham Borough,morris,masonry,3,3
mendham-borough,Mendham Borough,morris,landscaping,3,3
mendham-borough,Mendham Borough,morris,painting,4,4
mendham-borough,Mendham Borough,morris,drywall,4,4
mendham-borough,Mendham Borough,morris,tile,3,3
mendham-borough,Mendham Borough,morris,plumbing,3,3
mendham-borough,Mendham Borough,morris,electrical,2,2
mendham-township,Mendham Township,morris,handyman,3,3
mendham-township,Mendham Township,morris,masonry,3,3
mendham-township,Mendham Township,morris,landscaping,3,3
mendham-township,Mendham Township,morris,painting,4,4
mendham-township,Mendham Township,morris,drywall,4,4
mendham-township,Mendham Township,morris,tile,3,3
mendham-township,Mendham Township,morris,plumbing,3,3
mendham-township,Mendham Township,morris,electrical,2,2
mine-hill,Mine Hill,morris,handyman,3,3
mine-hill,Mine Hill,morris,masonry,3,3
mine-hill,Mine Hill,morris,landscaping,3,3
mine-hill,Mine Hill,morris,painting,4,4
mine-hill,Mine Hill,morris,drywall,4,4
mine-hill,Mine Hill,morris,tile,3,3
mine-hill,Mine Hill,morris,plumbing,3,3
mine-hill,Mine Hill,morris,electrical,2,2
montville,Montville,morris,handyman,3,3
montville,Montville,morris,masonry,3,3
montville,Montville,morris,landscaping,3,3
montville,Montville,morris,painting,4,4
montville,Montville,morris,drywall,4,4
montville,Montville,morris,tile,3,3
montville,Montville,morris,plumbing,3,3
montville,Montville,morris,electrical,2,2
morris-plains,Morris Plains,morris,handyman,3,3
morris-plains,Morris Plains,morris,masonry,3,3
morris-plains,Morris Plains,morris,landscaping,3,3
morris-plains,Morris Plains,morris,painting,4,4
morris-plains,Morris Plains,morris,drywall,4,4
morris-plains,Morris Plains,morris,tile,3,3
morris-plains,Morris Plains,morris,plumbing,3,3
morris-plains,Morris Plains,morris,electrical,2,2
mount-arlington,Mount Arlington,morris,handyman,3,3
mount-arlington,Mount Arlington,morris,masonry,3,3
mount-arlington,Mount Arlington,morris,landscaping,3,3
mount-arlington,Mount Arlington,morris,painting,4,4
mount-arlington,Mount Arlington,morris,drywall,4,4
mount-arlington,Mount Arlington,morris,tile,3,3
mount-arlington,Mount Arlington,morris,plumbing,3,3
mount-arlington,Mount Arlington,morris,electrical,2,2
mount-olive,Mount Olive,morris,handyman,3,3
mount-olive,Mount Olive,morris,masonry,3,3
mount-olive,Mount Olive,morris,landscaping,3,3
mount-olive,Mount Olive,morris,painting,4,4
mount-olive,Mount Olive,morris,drywall,4,4
mount-olive,Mount Olive,morris,tile,3,3
mount-olive,Mount Olive,morris,plumbing,3,3
mount-olive,Mount Olive,morris,electrical,2,2
mountain-lakes,Mountain Lakes,morris,handyman,3,3
mountain-lakes,Mountain Lakes,morris,masonry,3,3
mountain-lakes,Mountain Lakes,morris,landscaping,3,3
mountain-lakes,Mountain Lakes,morris,painting,4,4
mountain-lakes,Mountain Lakes,morris,drywall,4,4
mountain-lakes,Mountain Lakes,morris,tile,3,3
mountain-lakes,Mountain Lakes,morris,plumbing,3,3
mountain-lakes,Mountain Lakes,morris,electrical,2,2
netcong,Netcong,morris,handyman,3,3
netcong,Netcong,morris,masonry,3,3
netcong,Netcong,morris,landscaping,3,3
netcong,Netcong,morris,painting,4,4
netcong,Netcong,morris,drywall,4,4
netcong,Netcong,morris,tile,3,3
netcong,Netcong,morris,plumbing,3,3
netcong,Netcong,morris,electrical,2,2
parsippany-troy-hills,Parsippany-Troy Hills,morris,handyman,4,4
parsippany-troy-hills,Parsippany-Troy Hills,morris,masonry,3,3
parsippany-troy-hills,Parsippany-Troy Hills,morris,landscaping,3,3
parsippany-troy-hills,Parsippany-Troy Hills,morris,painting,5,5
parsippany-troy-hills,Parsippany-Troy Hills,morris,drywall,4,4
parsippany-troy-hills,Parsippany-Troy Hills,morris,tile,3,3
parsippany-troy-hills,Parsippany-Troy Hills,morris,plumbing,3,3
parsippany-troy-hills,Parsippany-Troy Hills,morris,electrical,2,2
pequannock,Pequannock,morris,handyman,3,3
pequannock,Pequannock,morris,masonry,3,3
pequannock,Pequannock,morris,landscaping,3,3
pequannock,Pequannock,morris,painting,4,4
pequannock,Pequannock,morris,drywall,4,4
pequannock,Pequannock,morris,tile,3,3
pequannock,Pequannock,morris,plumbing,3,3
pequannock,Pequannock,morris,electrical,2,2
randolph,Randolph,morris,handyman,3,3
randolph,Randolph,morris,masonry,3,3
randolph,Randolph,morris,landscaping,3,3
randolph,Randolph,morris,painting,4,4
randolph,Randolph,morris,drywall,4,4
randolph,Randolph,morris,tile,3,3
randolph,Randolph,morris,plumbing,3,3
randolph,Randolph,morris,electrical,2,2
riverdale,Riverdale,morris,handyman,3,3
riverdale,Riverdale,morris,masonry,3,3
riverdale,Riverdale,morris,landscaping,3,3
riverdale,Riverdale,morris,painting,4,4
riverdale,Riverdale,morris,drywall,4,4
riverdale,Riverdale,morris,tile,3,3
riverdale,Riverdale,morris,plumbing,3,3
riverdale,Riverdale,morris,electrical,2,2
rockaway-borough,Rockaway Borough,morris,handyman,3,3
rockaway-borough,Rockaway Borough,morris,masonry,3,3
rockaway-borough,Rockaway Borough,morris,landscaping,3,3
rockaway-borough,Rockaway Borough,morris,painting,4,4
rockaway-borough,Rockaway Borough,morris,drywall,4,4
rockaway-borough,Rockaway Borough,morris,tile,3,3
rockaway-borough,Rockaway Borough,morris,plumbing,3,3
rockaway-borough,Rockaway Borough,morris,electrical,2,2
rockaway-township,Rockaway Township,morris,handyman,3,3
rockaway-township,Rockaway Township,morris,masonry,3,3
rockaway-township,Rockaway Township,morris,landscaping,3,3
rockaway-township,Rockaway Township,morris,painting,4,4
rockaway-township,Rockaway Township,morris,drywall,4,4
rockaway-township,Rockaway Township,morris,tile,3,3
rockaway-township,Rockaway Township,morris,plumbing,3,3
rockaway-township,Rockaway Township,morris,electrical,2,2
roxbury,Roxbury,morris,handyman,3,3
roxbury,Roxbury,morris,masonry,3,3
roxbury,Roxbury,morris,landscaping,3,3
roxbury,Roxbury,morris,painting,4,4
roxbury,Roxbury,morris,drywall,4,4
roxbury,Roxbury,morris,tile,3,3
roxbury,Roxbury,morris,plumbing,3,3
roxbury,Roxbury,morris,electrical,2,2
victory-gardens,Victory Gardens,morris,handyman,3,3
victory-gardens,Victory Gardens,morris,masonry,3,3
victory-gardens,Victory Gardens,morris,landscaping,3,3
victory-gardens,Victory Gardens,morris,painting,4,4
victory-gardens,Victory Gardens,morris,drywall,4,4
victory-gardens,Victory Gardens,morris,tile,3,3
victory-gardens,Victory Gardens,morris,plumbing,3,3
victory-gardens,Victory Gardens,morris,electrical,2,2
washington-township-morris,Washington Township,morris,handyman,3,3
washington-township-morris,Washington Township,morris,masonry,3,3
washington-township-morris,Washington Township,morris,landscaping,3,3
washington-township-morris,Washington Township,morris,painting,4,4
washington-township-morris,Washington Township,morris,drywall,4,4
washington-township-morris,Washington Township,morris,tile,3,3
washington-township-morris,Washington Township,morris,plumbing,3,3
washington-township-morris,Washington Township,morris,electrical,2,2
wharton,Wharton,morris,handyman,3,3
wharton,Wharton,morris,masonry,3,3
wharton,Wharton,morris,landscaping,3,3
wharton,Wharton,morris,painting,4,4
wharton,Wharton,morris,drywall,4,4
wharton,Wharton,morris,tile,3,3
wharton,Wharton,morris,plumbing,3,3
wharton,Wharton,morris,electrical,2,2
bloomingdale,Bloomingdale,passaic,handyman,2,2
bloomingdale,Bloomingdale,passaic,masonry,3,3
bloomingdale,Bloomingdale,passaic,landscaping,2,2
bloomingdale,Bloomingdale,passaic,painting,3,3
bloomingdale,Bloomingdale,passaic,drywall,3,3
bloomingdale,Bloomingdale,passaic,tile,2,2
bloomingdale,Bloomingdale,passaic,plumbing,2,2
bloomingdale,Bloomingdale,passaic,electrical,2,2
clifton,Clifton,passaic,handyman,3,3
clifton,Clifton,passaic,masonry,3,3
clifton,Clifton,passaic,landscaping,2,2
clifton,Clifton,passaic,painting,4,4
clifton,Clifton,passaic,drywall,3,3
clifton,Clifton,passaic,tile,2,2
clifton,Clifton,passaic,plumbing,2,2
clifton,Clifton,passaic,electrical,2,2
haledon,Haledon,passaic,handyman,2,2
haledon,Haledon,passaic,masonry,3,3
haledon,Haledon,passaic,landscaping,2,2
haledon,Haledon,passaic,painting,3,3
haledon,Haledon,passaic,drywall,3,3
haledon,Haledon,passaic,tile,2,2
haledon,Haledon,passaic,plumbing,2,2
haledon,Haledon,passaic,electrical,2,2
hawthorne,Hawthorne,passaic,handyman,3,3
hawthorne,Hawthorne,passaic,masonry,3,3
hawthorne,Hawthorne,passaic,landscaping,2,2
hawthorne,Hawthorne,passaic,painting,3,3
hawthorne,Hawthorne,passaic,drywall,3,3
hawthorne,Hawthorne,passaic,tile,2,2
hawthorne,Hawthorne,passaic,plumbing,2,2
hawthorne,Hawthorne,passaic,electrical,2,2
little-falls,Little Falls,passaic,handyman,2,2
little-falls,Little Falls,passaic,masonry,3,3
little-falls,Little Falls,passaic,landscaping,2,2
little-falls,Little Falls,passaic,painting,3,3
little-falls,Little Falls,passaic,drywall,3,3
little-falls,Little Falls,passaic,tile,2,2
little-falls,Little Falls,passaic,plumbing,2,2
little-falls,Little Falls,passaic,electrical,2,2
north-haledon,North Haledon,passaic,handyman,2,2
north-haledon,North Haledon,passaic,masonry,3,3
north-haledon,North Haledon,passaic,landscaping,2,2
north-haledon,North Haledon,passaic,painting,3,3
north-haledon,North Haledon,passaic,drywall,3,3
north-haledon,North Haledon,passaic,tile,2,2
north-haledon,North Haledon,passaic,plumbing,2,2
north-haledon,North Haledon,passaic,electrical,2,2
passaic,Passaic,passaic,handyman,2,2
passaic,Passaic,passaic,masonry,3,3
passaic,Passaic,passaic,landscaping,2,2
passaic,Passaic,passaic,painting,3,3
passaic,Passaic,passaic,drywall,3,3
passaic,Passaic,passaic,tile,2,2
passaic,Passaic,passaic,plumbing,2,2
passaic,Passaic,passaic,electrical,2,2
paterson,Paterson,passaic,handyman,2,2
paterson,Paterson,passaic,masonry,3,3
paterson,Paterson,passaic,landscaping,2,2
paterson,Paterson,passaic,painting,3,3
paterson,Paterson,passaic,drywall,3,3
paterson,Paterson,passaic,tile,2,2
paterson,Paterson,passaic,plumbing,2,2
paterson,Paterson,passaic,electrical,2,2
pompton-lakes,Pompton Lakes,passaic,handyman,2,2
pompton-lakes,Pompton Lakes,passaic,masonry,3,3
pompton-lakes,Pompton Lakes,passaic,landscaping,2,2
pompton-lakes,Pompton Lakes,passaic,painting,3,3
pompton-lakes,Pompton Lakes,passaic,drywall,3,3
pompton-lakes,Pompton Lakes,passaic,tile,2,2
pompton-lakes,Pompton Lakes,passaic,plumbing,2,2
pompton-lakes,Pompton Lakes,passaic,electrical,2,2
prospect-park,Prospect Park,passaic,handyman,2,2
prospect-park,Prospect Park,passaic,masonry,3,3
prospect-park,Prospect Park,passaic,landscaping,2,2
prospect-park,Prospect Park,passaic,painting,3,3
prospect-park,Prospect Park,passaic,drywall,3,3
prospect-park,Prospect Park,passaic,tile,2,2
prospect-park,Prospect Park,passaic,plumbing,2,2
prospect-park,Prospect Park,passaic,electrical,2,2
ringwood,Ringwood,passaic,handyman,2,2
ringwood,Ringwood,passaic,masonry,3,3
ringwood,Ringwood,passaic,landscaping,2,2
ringwood,Ringwood,passaic,painting,3,3
ringwood,Ringwood,passaic,drywall,3,3
ringwood,Ringwood,passaic,tile,2,2
ringwood,Ringwood,passaic,plumbing,2,2
ringwood,Ringwood,passaic,electrical,2,2
totowa,Totowa,passaic,handyman,2,2
totowa,Totowa,passaic,masonry,3,3
totowa,Totowa,passaic,landscaping,2,2
totowa,Totowa,passaic,painting,3,3
totowa,Totowa,passaic,drywall,3,3
totowa,Totowa,passaic,tile,2,2
totowa,Totowa,passaic,plumbing,2,2
totowa,Totowa,passaic,electrical,2,2
wanaque,Wanaque,passaic,handyman,2,2
wanaque,Wanaque,passaic,masonry,3,3
wanaque,Wanaque,passaic,landscaping,2,2
wanaque,Wanaque,passaic,painting,3,3
wanaque,Wanaque,passaic,drywall,3,3
wanaque,Wanaque,passaic,tile,2,2
wanaque,Wanaque,passaic,plumbing,2,2
wanaque,Wanaque,passaic,electrical,2,2
wayne,Wayne,passaic,handyman,3,3
wayne,Wayne,passaic,masonry,3,3
wayne,Wayne,passaic,landscaping,2,2
wayne,Wayne,passaic,painting,4,4
wayne,Wayne,passaic,drywall,3,3
wayne,Wayne,passaic,tile,2,2
wayne,Wayne,passaic,plumbing,2,2
wayne,Wayne,passaic,electrical,2,2
west-milford,West Milford,passaic,handyman,2,2
west-milford,West Milford,passaic,masonry,3,3
west-milford,West Milford,passaic,landscaping,2,2
west-milford,West Milford,passaic,painting,3,3
west-milford,West Milford,passaic,drywall,3,3
west-milford,West Milford,passaic,tile,2,2
west-milford,West Milford,passaic,plumbing,2,2
west-milford,West Milford,passaic,electrical,2,2
woodland-park,Woodland Park,passaic,handyman,2,2
woodland-park,Woodland Park,passaic,masonry,3,3
woodland-park,Woodland Park,passaic,landscaping,2,2
woodland-park,Woodland Park,passaic,painting,3,3
woodland-park,Woodland Park,passaic,drywall,3,3
woodland-park,Woodland Park,passaic,tile,2,2
woodland-park,Woodland Park,passaic,plumbing,2,2
woodland-park,Woodland Park,passaic,electrical,2,2
andover-borough,Andover Borough,sussex,handyman,3,3
andover-borough,Andover Borough,sussex,masonry,3,3
andover-borough,Andover Borough,sussex,landscaping,2,2
andover-borough,Andover Borough,sussex,painting,3,3
andover-borough,Andover Borough,sussex,drywall,3,3
andover-borough,Andover Borough,sussex,tile,3,3
andover-borough,Andover Borough,sussex,plumbing,3,3
andover-borough,Andover Borough,sussex,electrical,2,2
andover-township,Andover Township,sussex,handyman,3,3
andover-township,Andover Township,sussex,masonry,3,3
andover-township,Andover Township,sussex,landscaping,2,2
andover-township,Andover Township,sussex,painting,3,3
andover-township,Andover Township,sussex,drywall,3,3
andover-township,Andover Township,sussex,tile,3,3
andover-township,Andover Township,sussex,plumbing,3,3
andover-township,Andover Township,sussex,electrical,2,2
branchville,Branchville,sussex,handyman,3,3
branchville,Branchville,sussex,masonry,3,3
branchville,Branchville,sussex,landscaping,2,2
branchville,Branchville,sussex,painting,3,3
branchville,Branchville,sussex,drywall,3,3
branchville,Branchville,sussex,tile,3,3
branchville,Branchville,sussex,plumbing,3,3
branchville,Branchville,sussex,electrical,2,2
byram,Byram,sussex,handyman,3,3
byram,Byram,sussex,masonry,3,3
byram,Byram,sussex,landscaping,2,2
byram,Byram,sussex,painting,3,3
byram,Byram,sussex,drywall,3,3
byram,Byram,sussex,tile,3,3
byram,Byram,sussex,plumbing,3,3
byram,Byram,sussex,electrical,2,2
frankford,Frankford,sussex,handyman,3,3
frankford,Frankford,sussex,masonry,3,3
frankford,Frankford,sussex,landscaping,2,2
frankford,Frankford,sussex,painting,3,3
frankford,Frankford,sussex,drywall,3,3
frankford,Frankford,sussex,tile,3,3
frankford,Frankford,sussex,plumbing,3,3
frankford,Frankford,sussex,electrical,2,2
franklin-borough,Franklin Borough,sussex,handyman,3,3
franklin-borough,Franklin Borough,sussex,masonry,3,3
franklin-borough,Franklin Borough,sussex,landscaping,2,2
franklin-borough,Franklin Borough,sussex,painting,3,3
franklin-borough,Franklin Borough,sussex,drywall,3,3
franklin-borough,Franklin Borough,sussex,tile,3,3
franklin-borough,Franklin Borough,sussex,plumbing,3,3
franklin-borough,Franklin Borough,sussex,electrical,2,2
fredon,Fredon,sussex,handyman,3,3
fredon,Fredon,sussex,masonry,3,3
fredon,Fredon,sussex,landscaping,2,2
fredon,Fredon,sussex,painting,3,3
fredon,Fredon,sussex,drywall,3,3
fredon,Fredon,sussex,tile,3,3
fredon,Fredon,sussex,plumbing,3,3
fredon,Fredon,sussex,electrical,2,2
green-township,Green Township,sussex,handyman,3,3
green-township,Green Township,sussex,masonry,3,3
green-township,Green Township,sussex,landscaping,2,2
green-township,Green Township,sussex,painting,3,3
green-township,Green Township,sussex,drywall,3,3
green-township,Green Township,sussex,tile,3,3
green-township,Green Township,sussex,plumbing,3,3
green-township,Green Township,sussex,electrical,2,2
hamburg,Hamburg,sussex,handyman,3,3
hamburg,Hamburg,sussex,masonry,3,3
hamburg,Hamburg,sussex,landscaping,2,2
hamburg,Hamburg,sussex,painting,3,3
hamburg,Hamburg,sussex,drywall,3,3
hamburg,Hamburg,sussex,tile,3,3
hamburg,Hamburg,sussex,plumbing,3,3
hamburg,Hamburg,sussex,electrical,2,2
hampton-township,Hampton Township,sussex,handyman,3,3
hampton-township,Hampton Township,sussex,masonry,3,3
hampton-township,Hampton Township,sussex,landscaping,2,2
hampton-township,Hampton Township,sussex,painting,3,3
hampton-township,Hampton Township,sussex,drywall,3,3
hampton-township,Hampton Township,sussex,tile,3,3
hampton-township,Hampton Township,sussex,plumbing,3,3
hampton-township,Hampton Township,sussex,electrical,2,2
hardyston,Hardyston,sussex,handyman,3,3
hardyston,Hardyston,sussex,masonry,3,3
hardyston,Hardyston,sussex,landscaping,2,2
hardyston,Hardyston,sussex,painting,3,3
hardyston,Hardyston,sussex,drywall,3,3
hardyston,Hardyston,sussex,tile,3,3
hardyston,Hardyston,sussex,plumbing,3,3
hardyston,Hardyston,sussex,electrical,2,2
hopatcong,Hopatcong,sussex,handyman,3,3
hopatcong,Hopatcong,sussex,masonry,3,3
hopatcong,Hopatcong,sussex,landscaping,2,2
hopatcong,Hopatcong,sussex,painting,3,3
hopatcong,Hopatcong,sussex,drywall,3,3
hopatcong,Hopatcong,sussex,tile,3,3
hopatcong,Hopatcong,sussex,plumbing,3,3
hopatcong,Hopatcong,sussex,electrical,2,2
lafayette,Lafayette,sussex,handyman,3,3
lafayette,Lafayette,sussex,masonry,3,3
lafayette,Lafayette,sussex,landscaping,2,2
lafayette,Lafayette,sussex,painting,3,3
lafayette,Lafayette,sussex,drywall,3,3
lafayette,Lafayette,sussex,tile,3,3
lafayette,Lafayette,sussex,plumbing,3,3
lafayette,Lafayette,sussex,electrical,2,2
montague,Montague,sussex,handyman,3,3
montague,Montague,sussex,masonry,3,3
montague,Montague,sussex,landscaping,2,2
montague,Montague,sussex,painting,3,3
montague,Montague,sussex,drywall,3,3
montague,Montague,sussex,tile,3,3
montague,Montague,sussex,plumbing,3,3
montague,Montague,sussex,electrical,2,2
newton,Newton,sussex,handyman,3,3
newton,Newton,sussex,masonry,3,3
newton,Newton,sussex,landscaping,2,2
newton,Newton,sussex,painting,3,3
newton,Newton,sussex,drywall,3,3
newton,Newton,sussex,tile,3,3
newton,Newton,sussex,plumbing,3,3
newton,Newton,sussex,electrical,2,2
ogdensburg,Ogdensburg,sussex,handyman,3,3
ogdensburg,Ogdensburg,sussex,masonry,3,3
ogdensburg,Ogdensburg,sussex,landscaping,2,2
ogdensburg,Ogdensburg,sussex,painting,3,3
ogdensburg,Ogdensburg,sussex,drywall,3,3
ogdensburg,Ogdensburg,sussex,tile,3,3
ogdensburg,Ogdensburg,sussex,plumbing,3,3
ogdensburg,Ogdensburg,sussex,electrical,2,2
sandyston,Sandyston,sussex,handyman,3,3
sandyston,Sandyston,sussex,masonry,3,3
sandyston,Sandyston,sussex,landscaping,2,2
sandyston,Sandyston,sussex,painting,3,3
sandyston,Sandyston,sussex,drywall,3,3
sandyston,Sandyston,sussex,tile,3,3
sandyston,Sandyston,sussex,plumbing,3,3
sandyston,Sandyston,sussex,electrical,2,2
sparta,Sparta,sussex,handyman,4,3
sparta,Sparta,sussex,masonry,3,3
sparta,Sparta,sussex,landscaping,2,2
sparta,Sparta,sussex,painting,3,3
sparta,Sparta,sussex,drywall,3,3
sparta,Sparta,sussex,tile,3,3
sparta,Sparta,sussex,plumbing,3,3
sparta,Sparta,sussex,electrical,2,2
stanhope,Stanhope,sussex,handyman,3,3
stanhope,Stanhope,sussex,masonry,3,3
stanhope,Stanhope,sussex,landscaping,2,2
stanhope,Stanhope,sussex,painting,3,3
stanhope,Stanhope,sussex,drywall,3,3
stanhope,Stanhope,sussex,tile,3,3
stanhope,Stanhope,sussex,plumbing,3,3
stanhope,Stanhope,sussex,electrical,2,2
stillwater,Stillwater,sussex,handyman,3,3
stillwater,Stillwater,sussex,masonry,3,3
stillwater,Stillwater,sussex,landscaping,2,2
stillwater,Stillwater,sussex,painting,3,3
stillwater,Stillwater,sussex,drywall,3,3
stillwater,Stillwater,sussex,tile,3,3
stillwater,Stillwater,sussex,plumbing,3,3
stillwater,Stillwater,sussex,electrical,2,2
sussex,Sussex,sussex,handyman,3,3
sussex,Sussex,sussex,masonry,3,3
sussex,Sussex,sussex,landscaping,2,2
sussex,Sussex,sussex,painting,3,3
sussex,Sussex,sussex,drywall,3,3
sussex,Sussex,sussex,tile,3,3
sussex,Sussex,sussex,plumbing,3,3
sussex,Sussex,sussex,electrical,2,2
vernon,Vernon,sussex,handyman,3,3
vernon,Vernon,sussex,masonry,3,3
vernon,Vernon,sussex,landscaping,2,2
vernon,Vernon,sussex,painting,3,3
vernon,Vernon,sussex,drywall,3,3
vernon,Vernon,sussex,tile,3,3
vernon,Vernon,sussex,plumbing,3,3
vernon,Vernon,sussex,electrical,2,2
walpack,Walpack,sussex,handyman,3,3
walpack,Walpack,sussex,masonry,3,3
walpack,Walpack,sussex,landscaping,2,2
walpack,Walpack,sussex,painting,3,3
walpack,Walpack,sussex,drywall,3,3
walpack,Walpack,sussex,tile,3,3
walpack,Walpack,sussex,plumbing,3,3
walpack,Walpack,sussex,electrical,2,2
wantage,Wantage,sussex,handyman,3,3
wantage,Wantage,sussex,masonry,3,3
wantage,Wantage,sussex,landscaping,2,2
wantage,Wantage,sussex,painting,3,3
wantage,Wantage,sussex,drywall,3,3
wantage,Wantage,sussex,tile,3,3
wantage,Wantage,sussex,plumbing,3,3
wantage,Wantage,sussex,electrical,2,2
berkeley-heights,Berkeley Heights,union,handyman,2,2
berkeley-heights,Berkeley Heights,union,masonry,3,3
berkeley-heights,Berkeley Heights,union,landscaping,2,2
berkeley-heights,Berkeley Heights,union,painting,3,3
berkeley-heights,Berkeley Heights,union,drywall,3,3
berkeley-heights,Berkeley Heights,union,tile,2,2
berkeley-heights,Berkeley Heights,union,plumbing,3,3
berkeley-heights,Berkeley Heights,union,electrical,2,2
clark,Clark,union,handyman,2,2
clark,Clark,union,masonry,3,3
clark,Clark,union,landscaping,2,2
clark,Clark,union,painting,3,3
clark,Clark,union,drywall,3,3
clark,Clark,union,tile,2,2
clark,Clark,union,plumbing,3,3
clark,Clark,union,electrical,2,2
cranford,Cranford,union,handyman,2,2
cranford,Cranford,union,masonry,3,3
cranford,Cranford,union,landscaping,2,2
cranford,Cranford,union,painting,3,3
cranford,Cranford,union,drywall,3,3
cranford,Cranford,union,tile,2,2
cranford,Cranford,union,plumbing,3,3
cranford,Cranford,union,electrical,2,2
elizabeth,Elizabeth,union,handyman,2,2
elizabeth,Elizabeth,union,masonry,3,3
elizabeth,Elizabeth,union,landscaping,2,2
elizabeth,Elizabeth,union,painting,3,3
elizabeth,Elizabeth,union,drywall,3,3
elizabeth,Elizabeth,union,tile,2,2
elizabeth,Elizabeth,union,plumbing,3,3
elizabeth,Elizabeth,union,electrical,2,2
fanwood,Fanwood,union,handyman,2,2
fanwood,Fanwood,union,masonry,3,3
fanwood,Fanwood,union,landscaping,2,2
fanwood,Fanwood,union,painting,3,3
fanwood,Fanwood,union,drywall,3,3
fanwood,Fanwood,union,tile,2,2
fanwood,Fanwood,union,plumbing,3,3
fanwood,Fanwood,union,electrical,2,2
garwood,Garwood,union,handyman,2,2
garwood,Garwood,union,masonry,3,3
garwood,Garwood,union,landscaping,2,2
garwood,Garwood,union,painting,3,3
garwood,Garwood,union,drywall,3,3
garwood,Garwood,union,tile,2,2
garwood,Garwood,union,plumbing,3,3
garwood,Garwood,union,electrical,2,2
hillside,Hillside,union,handyman,2,2
hillside,Hillside,union,masonry,3,3
hillside,Hillside,union,landscaping,2,2
hillside,Hillside,union,painting,3,3
hillside,Hillside,union,drywall,3,3
hillside,Hillside,union,tile,2,2
hillside,Hillside,union,plumbing,3,3
hillside,Hillside,union,electrical,2,2
kenilworth,Kenilworth,union,handyman,2,2
kenilworth,Kenilworth,union,masonry,3,3
kenilworth,Kenilworth,union,landscaping,2,2
kenilworth,Kenilworth,union,painting,3,3
kenilworth,Kenilworth,union,drywall,3,3
kenilworth,Kenilworth,union,tile,2,2
kenilworth,Kenilworth,union,plumbing,3,3
kenilworth,Kenilworth,union,electrical,2,2
linden,Linden,union,handyman,3,3
linden,Linden,union,masonry,3,3
linden,Linden,union,landscaping,2,2
linden,Linden,union,painting,4,4
linden,Linden,union,drywall,3,3
linden,Linden,union,tile,2,2
linden,Linden,union,plumbing,3,3
linden,Linden,union,electrical,2,2
mountainside,Mountainside,union,handyman,2,2
mountainside,Mountainside,union,masonry,3,3
mountainside,Mountainside,union,landscaping,2,2
mountainside,Mountainside,union,painting,3,3
mountainside,Mountainside,union,drywall,3,3
mountainside,Mountainside,union,tile,2,2
mountainside,Mountainside,union,plumbing,3,3
mountainside,Mountainside,union,electrical,2,2
new-providence,New Providence,union,handyman,2,2
new-providence,New Providence,union,masonry,3,3
new-providence,New Providence,union,landscaping,2,2
new-providence,New Providence,union,painting,3,3
new-providence,New Providence,union,drywall,3,3
new-providence,New Providence,union,tile,2,2
new-providence,New Providence,union,plumbing,3,3
new-providence,New Providence,union,electrical,2,2
plainfield,Plainfield,union,handyman,2,2
plainfield,Plainfield,union,masonry,3,3
plainfield,Plainfield,union,landscaping,2,2
plainfield,Plainfield,union,painting,3,3
plainfield,Plainfield,union,drywall,3,3
plainfield,Plainfield,union,tile,2,2
plainfield,Plainfield,union,plumbing,3,3
plainfield,Plainfield,union,electrical,2,2
rahway,Rahway,union,handyman,2,2
rahway,Rahway,union,masonry,3,3
rahway,Rahway,union,landscaping,2,2
rahway,Rahway,union,painting,3,3
rahway,Rahway,union,drywall,3,3
rahway,Rahway,union,tile,2,2
rahway,Rahway,union,plumbing,3,3
rahway,Rahway,union,electrical,2,2
roselle,Roselle,union,handyman,2,2
roselle,Roselle,union,masonry,3,3
roselle,Roselle,union,landscaping,2,2
roselle,Roselle,union,painting,3,3
roselle,Roselle,union,drywall,3,3
roselle,Roselle,union,tile,2,2
roselle,Roselle,union,plumbing,3,3
roselle,Roselle,union,electrical,2,2
roselle-park,Roselle Park,union,handyman,2,2
roselle-park,Roselle Park,union,masonry,3,3
roselle-park,Roselle Park,union,landscaping,2,2
roselle-park,Roselle Park,union,painting,3,3
roselle-park,Roselle Park,union,drywall,3,3
roselle-park,Roselle Park,union,tile,2,2
roselle-park,Roselle Park,union,plumbing,3,3
roselle-park,Roselle Park,union,electrical,2,2
scotch-plains,Scotch Plains,union,handyman,2,2
scotch-plains,Scotch Plains,union,masonry,3,3
scotch-plains,Scotch Plains,union,landscaping,2,2
scotch-plains,Scotch Plains,union,painting,3,3
scotch-plains,Scotch Plains,union,drywall,3,3
scotch-plains,Scotch Plains,union,tile,2,2
scotch-plains,Scotch Plains,union,plumbing,3,3
scotch-plains,Scotch Plains,union,electrical,2,2
springfield,Springfield,union,handyman,2,2
springfield,Springfield,union,masonry,3,3
springfield,Springfield,union,landscaping,2,2
springfield,Springfield,union,painting,3,3
springfield,Springfield,union,drywall,3,3
springfield,Springfield,union,tile,2,2
springfield,Springfield,union,plumbing,3,3
springfield,Springfield,union,electrical,2,2
union-township,Union Township,union,handyman,2,2
union-township,Union Township,union,masonry,3,3
union-township,Union Township,union,landscaping,2,2
union-township,Union Township,union,painting,3,3
union-township,Union Township,union,drywall,3,3
union-township,Union Township,union,tile,2,2
union-township,Union Township,union,plumbing,3,3
union-township,Union Township,union,electrical,2,2
westfield,Westfield,union,handyman,2,2
westfield,Westfield,union,masonry,3,3
westfield,Westfield,union,landscaping,2,2
westfield,Westfield,union,painting,3,3
westfield,Westfield,union,drywall,3,3
westfield,Westfield,union,tile,2,2
westfield,Westfield,union,plumbing,3,3
westfield,Westfield,union,electrical,2,2
winfield,Winfield,union,handyman,2,2
winfield,Winfield,union,masonry,3,3
winfield,Winfield,union,landscaping,2,2
winfield,Winfield,union,painting,3,3
winfield,Winfield,union,drywall,3,3
winfield,Winfield,union,tile,2,2
winfield,Winfield,union,plumbing,3,3
winfield,Winfield,union,electrical,2,2
allamuchy,Allamuchy,warren,handyman,2,2
allamuchy,Allamuchy,warren,masonry,2,2
allamuchy,Allamuchy,warren,landscaping,2,2
allamuchy,Allamuchy,warren,painting,2,2
allamuchy,Allamuchy,warren,drywall,2,2
allamuchy,Allamuchy,warren,tile,2,2
allamuchy,Allamuchy,warren,plumbing,2,2
allamuchy,Allamuchy,warren,electrical,2,2
alpha,Alpha,warren,handyman,2,2
alpha,Alpha,warren,masonry,2,2
alpha,Alpha,warren,landscaping,2,2
alpha,Alpha,warren,painting,2,2
alpha,Alpha,warren,drywall,2,2
alpha,Alpha,warren,tile,2,2
alpha,Alpha,warren,plumbing,2,2
alpha,Alpha,warren,electrical,2,2
belvidere,Belvidere,warren,handyman,2,2
belvidere,Belvidere,warren,masonry,2,2
belvidere,Belvidere,warren,landscaping,2,2
belvidere,Belvidere,warren,painting,2,2
belvidere,Belvidere,warren,drywall,2,2
belvidere,Belvidere,warren,tile,2,2
belvidere,Belvidere,warren,plumbing,2,2
belvidere,Belvidere,warren,electrical,2,2
blairstown,Blairstown,warren,handyman,2,2
blairstown,Blairstown,warren,masonry,2,2
blairstown,Blairstown,warren,landscaping,2,2
blairstown,Blairstown,warren,painting,2,2
blairstown,Blairstown,warren,drywall,2,2
blairstown,Blairstown,warren,tile,2,2
blairstown,Blairstown,warren,plumbing,2,2
blairstown,Blairstown,warren,electrical,2,2
franklin-township,Franklin Township,warren,handyman,2,2
franklin-township,Franklin Township,warren,masonry,2,2
franklin-township,Franklin Township,warren,landscaping,2,2
franklin-township,Franklin Township,warren,painting,2,2
franklin-township,Franklin Township,warren,drywall,2,2
franklin-township,Franklin Township,warren,tile,2,2
franklin-township,Franklin Township,warren,plumbing,2,2
franklin-township,Franklin Township,warren,electrical,2,2
frelinghuysen,Frelinghuysen,warren,handyman,2,2
frelinghuysen,Frelinghuysen,warren,masonry,2,2
frelinghuysen,Frelinghuysen,warren,landscaping,2,2
frelinghuysen,Frelinghuysen,warren,painting,2,2
frelinghuysen,Frelinghuysen,warren,drywall,2,2
frelinghuysen,Frelinghuysen,warren,tile,2,2
frelinghuysen,Frelinghuysen,warren,plumbing,2,2
frelinghuysen,Frelinghuysen,warren,electrical,2,2
greenwich-township,Greenwich Township,warren,handyman,2,2
greenwich-township,Greenwich Township,warren,masonry,2,2
greenwich-township,Greenwich Township,warren,landscaping,2,2
greenwich-township,Greenwich Township,warren,painting,2,2
greenwich-township,Greenwich Township,warren,drywall,2,2
greenwich-township,Greenwich Township,warren,tile,2,2
greenwich-township,Greenwich Township,warren,plumbing,2,2
greenwich-township,Greenwich Township,warren,electrical,2,2
hackettstown,Hackettstown,warren,handyman,2,2
hackettstown,Hackettstown,warren,masonry,2,2
hackettstown,Hackettstown,warren,landscaping,2,2
hackettstown,Hackettstown,warren,painting,2,2
hackettstown,Hackettstown,warren,drywall,2,2
hackettstown,Hackettstown,warren,tile,2,2
hackettstown,Hackettstown,warren,plumbing,2,2
hackettstown,Hackettstown,warren,electrical,2,2
hardwick,Hardwick,warren,handyman,2,2
hardwick,Hardwick,warren,masonry,2,2
hardwick,Hardwick,warren,landscaping,2,2
hardwick,Hardwick,warren,painting,2,2
hardwick,Hardwick,warren,drywall,2,2
hardwick,Hardwick,warren,tile,2,2
hardwick,Hardwick,warren,plumbing,2,2
hardwick,Hardwick,warren,electrical,2,2
harmony,Harmony,warren,handyman,2,2
harmony,Harmony,warren,masonry,2,2
harmony,Harmony,warren,landscaping,2,2
harmony,Harmony,warren,painting,2,2
harmony,Harmony,warren,drywall,2,2
harmony,Harmony,warren,tile,2,2
harmony,Harmony,warren,plumbing,2,2
harmony,Harmony,warren,electrical,2,2
hope,Hope,warren,handyman,2,2
hope,Hope,warren,masonry,2,2
hope,Hope,warren,landscaping,2,2
hope,Hope,warren,painting,2,2
hope,Hope,warren,drywall,2,2
hope,Hope,warren,tile,2,2
hope,Hope,warren,plumbing,2,2
hope,Hope,warren,electrical,2,2
independence,Independence,warren,handyman,2,2
independence,Independence,warren,masonry,2,2
independence,Independence,warren,landscaping,2,2
independence,Independence,warren,painting,2,2
independence,Independence,warren,drywall,2,2
independence,Independence,warren,tile,2,2
independence,Independence,warren,plumbing,2,2
independence,Independence,warren,electrical,2,2
knowlton,Knowlton,warren,handyman,2,2
knowlton,Knowlton,warren,masonry,2,2
knowlton,Knowlton,warren,landscaping,2,2
knowlton,Knowlton,warren,painting,2,2
knowlton,Knowlton,warren,drywall,2,2
knowlton,Knowlton,warren,tile,2,2
knowlton,Knowlton,warren,plumbing,2,2
knowlton,Knowlton,warren,electrical,2,2
liberty-township,Liberty Township,warren,handyman,2,2
liberty-township,Liberty Township,warren,masonry,2,2
liberty-township,Liberty Township,warren,landscaping,2,2
liberty-township,Liberty Township,warren,painting,2,2
liberty-township,Liberty Township,warren,drywall,2,2
liberty-township,Liberty Township,warren,tile,2,2
liberty-township,Liberty Township,warren,plumbing,2,2
liberty-township,Liberty Township,warren,electrical,2,2
lopatcong,Lopatcong,warren,handyman,2,2
lopatcong,Lopatcong,warren,masonry,2,2
lopatcong,Lopatcong,warren,landscaping,2,2
lopatcong,Lopatcong,warren,painting,2,2
lopatcong,Lopatcong,warren,drywall,2,2
lopatcong,Lopatcong,warren,tile,2,2
lopatcong,Lopatcong,warren,plumbing,2,2
lopatcong,Lopatcong,warren,electrical,2,2
mansfield-township,Mansfield Township,warren,handyman,2,2
mansfield-township,Mansfield Township,warren,masonry,2,2
mansfield-township,Mansfield Township,warren,landscaping,2,2
mansfield-township,Mansfield Township,warren,painting,2,2
mansfield-township,Mansfield Township,warren,drywall,2,2
mansfield-township,Mansfield Township,warren,tile,2,2
mansfield-township,Mansfield Township,warren,plumbing,2,2
mansfield-township,Mansfield Township,warren,electrical,2,2
oxford,Oxford,warren,handyman,2,2
oxford,Oxford,warren,masonry,2,2
oxford,Oxford,warren,landscaping,2,2
oxford,Oxford,warren,painting,2,2
oxford,Oxford,warren,drywall,2,2
oxford,Oxford,warren,tile,2,2
oxford,Oxford,warren,plumbing,2,2
oxford,Oxford,warren,electrical,2,2
phillipsburg,Phillipsburg,warren,handyman,2,2
phillipsburg,Phillipsburg,warren,masonry,2,2
phillipsburg,Phillipsburg,warren,landscaping,2,2
phillipsburg,Phillipsburg,warren,painting,2,2
phillipsburg,Phillipsburg,warren,drywall,2,2
phillipsburg,Phillipsburg,warren,tile,2,2
phillipsburg,Phillipsburg,warren,plumbing,2,2
phillipsburg,Phillipsburg,warren,electrical,2,2
pohatcong,Pohatcong,warren,handyman,2,2
pohatcong,Pohatcong,warren,masonry,2,2
pohatcong,Pohatcong,warren,landscaping,2,2
pohatcong,Pohatcong,warren,painting,2,2
pohatcong,Pohatcong,warren,drywall,2,2
pohatcong,Pohatcong,warren,tile,2,2
pohatcong,Pohatcong,warren,plumbing,2,2
pohatcong,Pohatcong,warren,electrical,2,2
washington-borough,Washington Borough,warren,handyman,2,2
washington-borough,Washington Borough,warren,masonry,2,2
washington-borough,Washington Borough,warren,landscaping,2,2
washington-borough,Washington Borough,warren,painting,2,2
washington-borough,Washington Borough,warren,drywall,2,2
washington-borough,Washington Borough,warren,tile,2,2
washington-borough,Washington Borough,warren,plumbing,2,2
washington-borough,Washington Borough,warren,electrical,2,2
washington-township-warren,Washington Township,warren,handyman,2,2
washington-township-warren,Washington Township,warren,masonry,2,2
washington-township-warren,Washington Township,warren,landscaping,2,2
washington-township-warren,Washington Township,warren,painting,2,2
washington-township-warren,Washington Township,warren,drywall,2,2
washington-township-warren,Washington Township,warren,tile,2,2
washington-township-warren,Washington Township,warren,plumbing,2,2
washington-township-warren,Washington Township,warren,electrical,2,2
white-township,White Township,warren,handyman,2,2
white-township,White Township,warren,masonry,2,2
white-township,White Township,warren,landscaping,2,2
white-township,White Township,warren,painting,2,2
white-township,White Township,warren,drywall,2,2
white-township,White Township,warren,tile,2,2
white-township,White Township,warren,plumbing,2,2
white-township,White Township,warren,electrical,2,2
